Chromosome	Position	Reference bases	Alternative bases	Variant types	dbSNP ID	In Clinvar?	Max. freq. in ExAC	Max. freq. in gnomAD exomes	Max. freq. in gnomAD gnomes	Freq. in thousand genomes	Carriers in in-house DB	Homozygous counts in ExAC	Homozygous counts in gnomAD exomes	Homozygous counts in gnomAD genomes	Homozygous counts in Thousand Genomes	Homozygous counts in in-house DB	Heterozygous counts in ExAC	Heterozygous counts in gnomAD exomes	Heterozygous counts in gnomAD genomes	Heterozygous counts in Thousand Genomes	Heterozygous counts in in-house DB	Gene Symbol	Gene ID	Most pathogenic variant effect	Protein HGVS change	Nucleotide HGVS change	100 Vertebrate AA conservation	Gene Name	Gene Family	Gene Pubmed ID	Gnomad constrains pLI	Gnomad constrains z-score missense	Gnomad constrains lof observed/expected	Gnomad constrains lof observed/expected upper	Gnomad constrains lof observed/expected lower	ClinVar pathogenicity summary	ClinVar review status summary	Phenotype Score	Phenotype Rank	Pathogenicity Score	Pathogenicity Rank	Transcript ids	Pheno+Patho Score	Pheno+Patho Rank	Flag: bookmarked	Flag: selected as candidate disease-causing	Flag: selected as final report variant	Flag: selected for validation	Flag: selected for no known disease association	Flag: selected as segregating variant	Flag: selected as not segregating variant	Flag: selected as incidental finding	Rating: variant is molecular	Rating: visual inspection of alignment	Rating: validation result	Rating: clinic/phenotype/biology	Rating: manual summary	Comment count	SpliceAI-acc-gain	SpliceAI-acc-loss	SpliceAI-don-gain	SpliceAI-don-loss	MMSp_acceptorIntron	MMSp_acceptor	MMSp_exon	MMSp_donor	MMSp_donorIntron	dbscSNV-ada_score	dbscSNV-rf_score	CADD-PHRED	LB23_4346 Genotype	LB23_4346 Gt. Quality	LB23_4346 Alternative depth	LB23_4346 Total depth	LB23_4346 Alternate allele fraction
chr1	230391026	G	T	snv	.	False	0.0	0.0	0.0	0.0	1	0	0	0	0	0	0	0	0	0	1	GALNT2	2590	stop_gained	p.G358*	c.1072G>T	GGGGGGGGGGGGGGGGGGGGGGGGGGGGGGGGGGGGGGGGGGGGGGG-GGGGGGGGGGGGGGGGGGGGGGGGGGGGGGGGGGGGGGGGGGGGGGGGGGGG	polypeptide N-acetylgalactosaminyltransferase 2	Polypeptide N-acetylgalactosaminyltransferases	9592121|7592619	0.0084175	2.0018	0.29489	0.488	0.185			-1	1	42.0	1	NM_001291866.2;stop_gained;p.G320*;c.958G>T|NM_004481.5;stop_gained;p.G358*;c.1072G>T	-42.0	1	.	.	.	.	.	.	.	.	.	.	.	.	.	.	0	0	0	0	0	0	0.011	0	0	.	.	42	0/1	47	22	38	0.5789473684210527
chr5	66462839	AAG	A	indel	rs773441170	False	8.306e-06	1.2655e-05	0.0	0.0	1	0	0	0	0	0	1	3	0	0	1	MAST4	375449	frameshift_truncation	p.S2613Ffs*3	c.7833_7834del	EEEEEEEEEEEEEEEEEEEEEEEEEEEEEEEEEEEEEEEEEEEEEEEEEDEEEEEEEEEE-GEEEEEEEEEEEEEEDDDDDEEQ--------------E-	microtubule associated serine/threonine kinase family member 4	PDZ domain containing|AGC family kinases	9205841	0.00011694	1.9294	0.27777	0.381	0.205			-1	1	35.0	2	NM_001164664.2;frameshift_variant;p.S2613Ffs*3;c.7837_7838delAG|NM_001290226.2;frameshift_variant;p.S2407Ffs*3;c.7219_7220delAG|NM_001290227.2;frameshift_variant;p.S2352Ffs*3;c.7054_7055delAG|NM_001297651.2;frameshift_variant;p.S2419Ffs*3;c.7255_7256delAG|NM_015183.3;frameshift_variant;p.S2424Ffs*3;c.7270_7271delAG	-35.0	2	.	.	.	.	.	.	.	.	.	.	.	.	.	.	.	.	.	.	.	.	.	.	.	.	.	.	0/1	40	28	41	0.6829268292682927
chr5	66462839	AAG	A	indel	rs773441170	False	8.306e-06	1.2655e-05	0.0	0.0	1	0	0	0	0	0	1	3	0	0	1	MAST4	375449	frameshift_truncation	p.S2613Ffs*3	c.7833_7834del	KKKKKKKKKKKKKKKKKKKKKKKKKKKKKKKKKKRKKKRKKKKKKKKKKKKKKKKKKKKK-RKKKKKKKKKKKKKKKKKKKKKN--------------K-	microtubule associated serine/threonine kinase family member 4	PDZ domain containing|AGC family kinases	9205841	0.00011694	1.9294	0.27777	0.381	0.205			-1	1	35.0	2	NM_001164664.2;frameshift_variant;p.S2613Ffs*3;c.7837_7838delAG|NM_001290226.2;frameshift_variant;p.S2407Ffs*3;c.7219_7220delAG|NM_001290227.2;frameshift_variant;p.S2352Ffs*3;c.7054_7055delAG|NM_001297651.2;frameshift_variant;p.S2419Ffs*3;c.7255_7256delAG|NM_015183.3;frameshift_variant;p.S2424Ffs*3;c.7270_7271delAG	-35.0	2	.	.	.	.	.	.	.	.	.	.	.	.	.	.	.	.	.	.	.	.	.	.	.	.	.	.	0/1	40	28	41	0.6829268292682927
chr17	38545871	T	TG	indel	rs1484767325	False	0.0	4.14828e-06	0.0	0.0	1	0	0	0	0	0	0	1	0	0	1	TOP2A	7153	frameshift_elongation	p.H1499Pfs*5	c.4495dup	HHHHHHHHHHHHHHHHRQPHQQHHLHHHHHHHHHHHHHHHHHHHHHHHHHSQQQQQQHQE----TT-TSTTTA-SGSHHH-S-----------Q---S--	DNA topoisomerase II alpha	Topoisomerases		0.99086	4.0418	0.18699	0.288	0.124			-1	1	33.0	3	NM_001067.4;frameshift_variant;p.H1499Pfs*5;c.4495dupC	-33.0	3	.	.	.	.	.	.	.	.	.	.	.	.	.	.	.	.	.	.	.	.	.	.	.	.	.	.	0/1	48	27	58	0.46551724137931033
chr12	88588684	C	CT	indel	rs1268102669	False	0.0	3.99167e-06	0.0	0.0	1	0	0	0	0	0	0	1	0	0	1	TMTC3	160418	stop_gained	p.N669*	c.2003dup	AAAAAAAAAAAAAAAAAAAAAAAAAA-AAAAAAAAAA-AAAAAAAAAAAAAASAAAAAAAAAAASSSSSAAAAAAAAAA-AAAAAAAAAAAAAAAAAAAE	transmembrane O-mannosyltransferase targeting cadherins 3	Tetratricopeptide repeat domain containing|Transmembrane and tetratricopeptide repeat containing		4.6335e-05	1.616	0.36579	0.563	0.244			-1	1	33.0	3	NM_001366574.1;stop_gained;p.N609*;c.1824dupT|NM_001366579.1;stop_gained;p.N596*;c.1785dupT|NM_001366580.1;stop_gained;p.N580*;c.1737dupT|NM_001366583.1;stop_gained;p.N438*;c.1311dupT|NM_181783.4;stop_gained;p.N669*;c.2004dupT	-33.0	3	.	.	.	.	.	.	.	.	.	.	.	.	.	.	.	.	.	.	.	.	.	.	.	.	.	.	0/1	47	30	52	0.5769230769230769
chr21	28210059	C	A	snv	rs779134194	False	8.236e-06	3.97735e-06	0.0	0.0	1	0	0	0	0	0	1	1	0	0	1	ADAMTS1	9510	missense_variant	p.G915W	c.2743G>T	GGGGGGGGGGGGGGGGGGGGGGGGGGGGGGGGGGGGGGGGGGGGGGGGGGGGGGGGGGGGG-GGGGGGGGGGGGGGGGGGGGGGGGGGGGGGGGGGGGG-	ADAM metallopeptidase with thrombospondin type 1 motif 1	ADAM metallopeptidases with thrombospondin type 1 motif	10438512	0.71601	0.66702	0.20357	0.367	0.118			-1	1	32.0	5	NM_006988.5;missense_variant;p.G915W;c.2743G>T	-32.0	5	.	.	.	.	.	.	.	.	.	.	.	.	.	.	0	0	0	0	0	0	0.011	0	0	.	.	32	0/1	44	28	44	0.6363636363636364
chr16	47117534	CA	C	indel	.	False	0.0	0.0	0.0	0.0	1	0	0	0	0	0	0	0	0	0	1	NETO2	81831	frameshift_truncation	p.V385Gfs*12	c.1154del	VVVVVVVVVVVVVVVVVVVVVVVVVVVVVVVVVVVVVVVVVVVVV-AAVVVVVVVVVVVVVVVVVVVVVVVVVVVVVVVVVVVVVVVVVVVVVVVVVVVT	neuropilin and tolloid like 2		11943477	0.062704	0.9878	0.27032	0.488	0.158			-1	1	32.0	5	NM_001201477.2;frameshift_variant;p.V385Gfs*12;c.1154delT|NM_018092.5;frameshift_variant;p.V392Gfs*12;c.1175delT	-32.0	5	.	.	.	.	.	.	.	.	.	.	.	.	.	.	.	.	.	.	.	.	.	.	.	.	.	.	0/1	48	24	51	0.47058823529411764
chr10	29752538	C	T	snv	rs1400236411	False	0.0	3.984e-06	0.0	0.0	1	0	0	0	0	0	0	1	0	0	1	SVIL	6840	missense_variant	p.E1628K	c.4882G>A	EEEE-EEEEEEEEEEEEEEEEEEEEEEEEEEEEEEEEEEEEEEEEEEE-EEEEEEEEEEEE-EEEEEEEEEEEEEEEEEEEEEEEEEEEEEEEEEEEEEE	supervillin	Gelsolin/villins|MicroRNA protein coding host genes	9382871	0.00086302	0.88511	0.2623	0.358	0.194			-1	1	32.0	5	NM_001323599.2;missense_variant;p.E1744K;c.5230G>A|NM_001323600.1;missense_variant;p.E1660K;c.4978G>A|NM_003174.3;missense_variant;p.E1628K;c.4882G>A|NM_021738.3;missense_variant;p.E2054K;c.6160G>A|NR_110920.1;non_coding_transcript_intron_variant;;n.453+5089C>T|NR_110921.1;non_coding_transcript_intron_variant;;n.207-19224C>T|NR_110922.1;non_coding_transcript_intron_variant;;n.182-19224C>T|NR_110925.1;non_coding_transcript_intron_variant;;n.207-3631C>T|NR_110926.1;non_coding_transcript_intron_variant;;n.182-3631C>T|NR_110927.1;non_coding_transcript_intron_variant;;n.182-23546C>T|NR_110928.1;non_coding_transcript_intron_variant;;n.276-5311C>T|NR_110929.1;non_coding_transcript_intron_variant;;n.182-5311C>T	-32.0	5	.	.	.	.	.	.	.	.	.	.	.	.	.	.	0.55	0.05	0	0	0	0	-0.056	0	0	.	.	32	0/1	48	18	35	0.5142857142857142
chr10	24896461	T	C	snv	rs746955975	False	8.236e-06	7.95912e-06	0.0	0.0	1	0	0	0	0	0	1	2	0	0	1	ARHGAP21	57584	missense_variant	p.E884G	c.2651A>G	EEEEEEEEEEEEEEEEEEEEEEEEEEEEEEEEEEEEEEEEEEEEEE-EEEEEEEEEEEEE-EEEEEEDEEEEEEEEEEEEEEEEEEEEEEEEEEEEEEE-	Rho GTPase activating protein 21	Pleckstrin homology domain containing|Rho GTPase activating proteins|PDZ domain containing	12056806	1.0	0.95534	0.11982	0.203	0.073			-1	1	32.0	5	NM_001367447.1;missense_variant;p.E874G;c.2621A>G|NM_001367448.1;missense_variant;p.E884G;c.2651A>G|NM_001367449.1;missense_variant;p.E786G;c.2357A>G|NM_001367450.1;missense_variant;p.E786G;c.2357A>G|NM_001367451.1;missense_variant;p.E874G;c.2621A>G|NM_001367452.1;missense_variant;p.E727G;c.2180A>G|NM_001367453.1;missense_variant;p.E874G;c.2621A>G|NM_001367454.1;missense_variant;p.E884G;c.2651A>G|NM_001367455.1;missense_variant;p.E671G;c.2012A>G|NM_020824.4;missense_variant;p.E884G;c.2651A>G	-32.0	5	.	.	.	.	.	.	.	.	.	.	.	.	.	.	0	0	0	0	0	0	-0.2	0	0	.	.	32	0/1	48	23	48	0.4791666666666667
chr4	110739218	A	G	snv	rs1422053327	False	0.0	4.0938e-06	0.0	0.0	1	0	0	0	0	0	0	1	0	0	1	GAR1	54433	missense_variant	p.D114G	c.341A>G	DDDDDDDDDDDDDDDDDDDDDDDDDDDDDDDDDDDDDDDDDDDDDDDDDDDDDDD-DDDDDDDDDDDDDDDDDDDDDDDDDDDDDDDDDDDDDDDDDDD-	GAR1 ribonucleoprotein	H/ACA ribonucleoprotein complex	10757788	0.10049	0.23213	0.29968	0.686	0.147			-1	1	32.0	5	NM_018983.4;missense_variant;p.D114G;c.341A>G|NM_032993.2;missense_variant;p.D114G;c.341A>G	-32.0	5	.	.	.	.	.	.	.	.	.	.	.	.	.	.	0	0	0.05	0.32	0	0	-0.294	0	0	.	.	32	0/1	48	31	66	0.4696969696969697
chr5	149562472	G	A	snv	rs769319816	False	8.237e-06	4.1532e-06	0.0	0.0	1	0	0	0	0	0	1	1	0	0	1	CDX1	1044	missense_variant	p.R196Q	c.587G>A	RRRRRRRRRRRRRRRRRRRRRRRRRRRRRRRRRRRRRRRRRRRRRRRRRR-RRRRRRRRRRRRRRRRRRRRRRRRRRRRRRRRRRRRRRRRRRRRRRRRR	caudal type homeobox 1	HOXL subclass homeoboxes	8530027	0.14253	0.064072	0.3446	1.082	0.14			-1	1	32.0	5	NM_001804.3;missense_variant;p.R196Q;c.587G>A	-32.0	5	.	.	.	.	.	.	.	.	.	.	.	.	.	.	0	0	0	0	0	0	-0.057	0.814	0	.	.	32	0/1	48	18	38	0.47368421052631576
chr22	21138311	G	C	snv	rs142500721	True	3.295e-05	4.37452e-05	9.55475e-05	0.0	9	0	0	0	0	0	2	11	3	0	9	SERPIND1	3053	missense_variant	p.R314P	c.941G>C	RRRRRRRRRRRRRRRRRRRRRRRRRRRRRRRRRR-RRRRRRRRRRRRRRRRRRRRRRRRR--RRRRRRRRRRRRRRRRRRRRRRRRRRRRRRRRRRRRRR	serpin family D member 1	Serpin peptidase inhibitors	1671335|24172014	2.5137e-10	-0.056846	0.97461	1.497	0.651	uncertain significance	single submitter, criteria provided	-1	1	29.9	11	NM_000185.4;missense_variant;p.R314P;c.941G>C|NM_001362862.2;intron_variant;p.?;c.2328+9170C>G|NM_001362863.2;intron_variant;p.?;c.2262+9170C>G|NM_058004.4;intron_variant;p.?;c.2328+9170C>G	-29.9	11	.	.	.	.	.	.	.	.	.	.	.	.	.	.	0	0	0	0	0	0	-0.084	0	0	.	.	29.9	0/1	48	21	43	0.4883720930232558
chr5	126887568	C	T	snv	rs777101950	False	1.647e-05	1.19459e-05	0.0	0.0	1	0	0	0	0	0	1	3	0	0	1	PRRC1	133619	missense_variant	p.A433V	c.1298C>T	AAAAAAAAAAAAAAAAAAAAAAAAAAAAAAAAAAAAAAAAAAAAAAAAAAAAAAAAAAAAA-AAAAAAAAAA-AAAAAATAAAAAAAAAAAAAAAAAAAA	proline rich coiled-coil 1		15541471	2.091e-12	0.017535	0.99733	1.477	0.688			-1	1	29.7	12	NM_001286808.2;missense_variant,splice_region_variant;p.A433V;c.1298C>T|NM_130809.5;missense_variant;p.A433V;c.1298C>T	-29.7	12	.	.	.	.	.	.	.	.	.	.	.	.	.	.	0	0	0	0	0	0	-0.067	-1.806	0	.	.	29.7	0|1	47	19	40	0.475
chr16	89337232	C	T	snv	rs1354874973	True	0.0	7.9706e-06	0.0	0.0	1	0	0	0	0	0	0	2	0	0	1	ANKRD11	29123	missense_variant	p.R2600H	c.7799G>A	RR-RRRRRRRRRRRRRRRRRRRRRRRRR-RRRRRRRRRRRRRRRRRRRR-RRRRRRRRRRRRRR-R-R-RRRRRRRRRRRRRRRKRRRRRRRRRRRRRRK	ankyrin repeat domain 11	Ankyrin repeat domain containing	11483580	1.0	-0.55363	0.046779	0.107	0.022	uncertain significance	single submitter, criteria provided	-1	1	28.2	13	NM_001256182.2;missense_variant;p.R2600H;c.7799G>A|NM_001256183.2;missense_variant;p.R2600H;c.7799G>A|NM_013275.6;missense_variant;p.R2600H;c.7799G>A	-28.2	13	.	.	.	.	.	.	.	.	.	.	.	.	.	.	0	0	0.02	0	0	0	-0.004	0	0	.	.	28.2	0/1	47	26	45	0.5777777777777777
chr17	48913488	C	T	snv	rs764277294	False	8.238e-06	8.09999e-06	3.18451e-05	0.0	4	0	0	0	0	0	1	2	1	0	4	WFIKKN2	124857	missense_variant	p.R64W	c.190C>T	RRRRRRRRRRRRRRRRRRRRRRRRRRRRRRRRRRRRQRRRRRRRRRRRRRRRRQRRRRRRRRRRRRRRRRRRRRRRRRRRRRRRRRRRRRRRRRRRRRRR	WAP, follistatin/kazal, immunoglobulin, kunitz and netrin domain containing 2	WAP four-disulfide core domain containing|I-set domain containing	11928817|12709070	0.0036109	0.21268	0.40204	0.755	0.228			-1	1	28.1	14	NM_175575.6;missense_variant;p.R64W;c.190C>T|NM_001330341.2;5_prime_UTR_variant,intron_variant;p.?;c.-70+1095C>T	-28.1	14	.	.	.	.	.	.	.	.	.	.	.	.	.	.	0	0	0.23	0.05	0	0	-0.024	0	0	.	.	28.1	0/1	47	11	26	0.4230769230769231
chr2	98382685	T	C	snv	rs761559423	False	8.276e-06	4.01191e-06	0.0	0.0	1	0	0	0	0	0	1	1	0	0	1	TMEM131	23505	missense_variant	p.K1539E	c.4615A>G	KKK-KKKKKKKKKKKKK-KKKKKKKKKKKKKKKKKKKKKKKKKK-KKKKKKKKKKKKKKKKKKKKKKKKKKKKKKKKKKKKKKKK---------K-K-K-	transmembrane protein 131		9039502|10996388	0.99995	2.0812	0.15618	0.244	0.102			-1	1	27.9	15	NM_015348.2;missense_variant;p.K1539E;c.4615A>G	-27.9	15	.	.	.	.	.	.	.	.	.	.	.	.	.	.	0	0	0	0	0	0	0.158	0	0	.	.	27.9	0/1	46	21	51	0.4117647058823529
chr16	84101967	G	A	snv	.	False	0.0	0.0	0.0	0.0	1	0	0	0	0	0	0	0	0	0	1	MBTPS1	8720	missense_variant	p.T683M	c.2048C>T	TTTTTTTTTTT-TTTTTTTTTTTTTTTTTTTTTTTTTTTTTTTTTTTTTTTTTTTTTTTTTTTTTTTTTTT-TTTTTTTTTTTTTTTTTTTTTTTTTTTT	membrane bound transcription factor peptidase, site 1	Proprotein convertase subtilisin/kexin family	9809072|10944850	7.5901e-09	-1.4511	0.41823	0.588	0.302			-1	1	27.7	16	NM_003791.4;missense_variant;p.T683M;c.2048C>T	-27.7	16	.	.	.	.	.	.	.	.	.	.	.	.	.	.	0	0	0	0	0	0	-0.043	0	0	.	.	27.7	0/1	47	27	47	0.574468085106383
chr3	38138146	C	T	snv	rs1465304584	False	0.0	0.0	0.0	0.0	1	0	0	0	0	0	0	0	0	0	1	DLEC1	9940	missense_variant	p.P753L	c.2258C>T	PPPPPPPPPPPPPPPPPPPPPPPP-PPPPPPPPPPPPPPPPPPPPP-PPPPPPPPPPP-PPP-----P----PP-PPPPPPPAPPP---P--P-P-PPP-	DLEC1 cilia and flagella associated protein	Cilia and flagella associated	10213508	2.1303e-35	-0.49913	0.74352	0.911	0.61			-1	1	27.0	17	NM_001321153.2;missense_variant;p.P753L;c.2258C>T|NM_007335.4;missense_variant;p.P753L;c.2258C>T|NM_007337.4;missense_variant;p.P753L;c.2258C>T	-27.0	17	.	.	.	.	.	.	.	.	.	.	.	.	.	.	0.01	0	0.01	0	0	0	0.009	0	0	.	.	27.0	0/1	46	26	60	0.43333333333333335
chr12	73015444	T	C	snv	rs371331649	False	0.0	4.09504e-06	0.0	0.0	2	0	0	0	0	0	0	1	0	0	2	TRHDE	29953	missense_variant	p.I818T	c.2453T>C	IIIIIIIIIIIIIIIIIIIIIIIIIIIIIIIIIIIIIIIIIIIIIIIIIIIIIIIIIIII-IIIIIIIIIIIIIIIIIIIIIIIIIIIIIIIIIIIIII-	thyrotropin releasing hormone degrading enzyme	M1 metallopeptidases	10491199|12975309	1.0218e-06	2.7907	0.37839	0.55	0.265			-1	1	26.1	18	NM_013381.3;missense_variant;p.I863T;c.2588T>C	-26.1	18	.	.	.	.	.	.	.	.	.	.	.	.	.	.	0.04	0	0	0	0	0	0.063	0	0	.	.	26.1	0/1	48	35	69	0.5072463768115942
chr2	192250643	G	A	snv	.	False	0.0	0.0	0.0	0.0	1	0	0	0	0	0	0	0	0	0	1	MYO1B	4430	missense_variant	p.E463K	c.1387G>A	EEEEEEEEEEEEEEEEEEEEEEEEEEEEEEEEEEEEEEEEEEEEEEEEEEEEEEEEEEEE-EEEEEEEEEEEEEEEEEEEEEEEEEEEEEEEEEEEEEEE	myosin IB	Myosin heavy chains, class I	8022818|8449985	7.2357e-05	2.4328	0.3011	0.43	0.214			-1	1	25.8	19	NM_001130158.3;missense_variant;p.E463K;c.1387G>A|NM_001161819.3;missense_variant;p.E463K;c.1387G>A|NM_001330237.2;missense_variant;p.E463K;c.1387G>A|NM_001330238.2;missense_variant;p.E463K;c.1387G>A|NM_012223.5;missense_variant;p.E463K;c.1387G>A	-25.8	19	.	.	.	.	.	.	.	.	.	.	.	.	.	.	0	0	0	0	0	0	-0.097	0	0	.	.	25.8	0/1	47	28	49	0.5714285714285714
chr11	6190865	G	A	snv	rs1446429036	False	0.0	0.0	0.0	0.0	1	0	0	0	0	0	0	0	0	0	1	OR52B2	255725	missense_variant	p.P231L	c.692C>T	PPP-PPPPPPPPPPPPPPPPPPPPPPPPP--PPPPPPPPPPPPPPPPPPPPPPPPPPPPPP-APPTTPPAPAVIPPVPPPPPPA---------------T	olfactory receptor family 52 subfamily B member 2	Olfactory receptors, family 52		1.4968e-08	-0.87243	1.5274	1.934	0.897			-1	1	25.8	19	NM_001004052.1;missense_variant;p.P231L;c.692C>T	-25.8	19	.	.	.	.	.	.	.	.	.	.	.	.	.	.	0.07	0	0	0	0	0	0	0	0	.	.	25.8	0/1	48	16	35	0.45714285714285713
chr19	50312043	A	C	snv	rs762940657	False	8.644e-06	1.22069e-05	6.36943e-05	0.0	6	0	0	0	0	0	0	2	2	0	6	FUZ	80199	missense_variant	p.L239W	c.716T>G	LLLLLLLLLLLLLLLLLLLLLLLL-LLL-LLLLL-LLLLLLLLLL-LLLLLLLLLLL-LLL------P--------L----LHL----------------	fuzzy planar cell polarity protein	Ciliogenesis and planar polarity effector complex subunits	21761479	1.2613e-05	0.44013	0.54975	0.91	0.345			-1	1	25.6	21	NM_001171937.2;missense_variant;p.L239W;c.716T>G|NM_001352262.2;missense_variant;p.L275W;c.824T>G|NM_001363663.1;missense_variant;p.L225W;c.674T>G|NM_025129.5;missense_variant;p.L275W;c.824T>G|NM_014203.3;downstream_gene_variant;;|NM_130787.3;downstream_gene_variant;;	-25.6	21	False	False	False	False	True	False	False	False	empty	empty	empty	negative	negative	.	0	0.06	0	0	0	0	0.02	0	0	.	.	25.6	0/1	46	21	51	0.4117647058823529
chr1	45474834	G	A	snv	rs769152793	False	8.269e-06	1.20231e-05	6.37349e-05	0.0	1	0	0	0	0	0	1	3	2	0	1	HECTD3	79654	missense_variant	p.R352C	c.1054C>T	RRRRRRRRRRRRRRRRRRR-RRRRR-RRRRRRRRRRRRRRRRRRRRRRRRRRRRRRRR-RR-RRRRRRRRRRRRRRRRRR-RK-R-RRRRRRRRRRRRR-	HECT domain E3 ubiquitin protein ligase 3	HECT domain containing	18194665	0.088789	2.1494	0.24877	0.403	0.158			-1	1	25.6	21	NM_024602.6;missense_variant;p.R352C;c.1054C>T|NM_000374.5;upstream_gene_variant;;	-25.6	21	.	.	.	.	.	.	.	.	.	.	.	.	.	.	0	0	0	0	0	0	0.051	0	0	.	.	25.6	0/1	48	15	29	0.5172413793103449
chr11	76372422	T	C	snv	.	False	0.0	0.0	0.0	0.0	1	0	0	0	0	0	0	0	0	0	1	LRRC32	2615	missense_variant	p.Y72C	c.215A>G	YYYYYYYYYYYYYYYYYYYYYYYYYYYYYYYYYYYYYYYYYYYYYYYYYYYYCYYYYYYYY-YYYYYYYYYYYYYYYYYYYYYYRHHHH---HHHQRY--	leucine rich repeat containing 32		8180135|1543912	0.001078	0.088923	0.49059	0.921	0.278			-1	1	25.6	21	NM_001128922.2;missense_variant;p.Y72C;c.215A>G|NM_001370187.1;missense_variant;p.Y72C;c.215A>G|NM_001370188.1;missense_variant;p.Y72C;c.215A>G|NM_001370189.1;missense_variant;p.Y50C;c.149A>G|NM_005512.3;missense_variant;p.Y72C;c.215A>G|NM_001370190.1;5_prime_UTR_variant;p.?;c.-116A>G|NM_001370191.1;intron_variant;p.?;c.85-3344A>G	-25.6	21	.	.	.	.	.	.	.	.	.	.	.	.	.	.	0	0	0	0	0	0	0.012	0	0	.	.	25.6	0|1	47	18	39	0.46153846153846156
chr2	220416837	C	T	snv	.	False	0.0	0.0	0.0	0.0	1	0	0	0	0	0	0	0	0	0	1	OBSL1	23363	missense_variant	p.E1804K	c.5410G>A	EEEEEEEEEEEEEEEEEEEEEEEEEEEEE-EEEEE-EEEEEEEEEEEEEEEEEEEEEEEEE-KK----EE-E-ZQ-LEE---K-EEEEEEEEE-EE----	obscurin like cytoskeletal adaptor 1	I-set domain containing	9734811|17289344	9.9902e-26	0.006846	0.69503	0.878	0.554			-1	1	25.6	21	NM_015311.3;missense_variant;p.E1804K;c.5410G>A|NM_001005209.3;downstream_gene_variant;;|NM_001173431.2;downstream_gene_variant;;|NM_001303098.2;downstream_gene_variant;;|NR_036082.1;upstream_gene_variant;;	-25.6	21	.	.	.	.	.	.	.	.	.	.	.	.	.	.	0	0	0	0	0	0	0.026	0.393	0	.	.	25.6	0/1	48	25	51	0.49019607843137253
chr2	143790884	T	A	snv	rs771131526	True	8.236e-06	3.97636e-06	0.0	0.0	1	0	0	0	0	0	1	1	0	0	1	KYNU	8942	missense_variant	p.S345R	c.1035T>A	SSSSSSSSSSSSSSSSSSSSNSSSSSSSSSSSSSSSSSSSSSSSSSSSSSSSSSSS-SSSSSSSSSSSSSS-SSGGSSSSSS-S---SSSSSSSS--SS-	kynureninase		8706755|9180257|28792876	4.1806e-18	-0.41338	0.98144	1.353	0.722	likely pathogenic	single submitter, no assertion criteria provided	-1	1	25.5	25	NM_001199241.2;missense_variant;p.S345R;c.1035T>A|NM_003937.3;missense_variant;p.S345R;c.1035T>A	-25.5	25	.	.	.	.	.	.	.	.	.	.	.	.	.	.	0.01	0	0	0	0	0	0.183	0	0	.	.	25.5	0/1	48	26	54	0.48148148148148145
chr14	71514618	G	A	snv	.	False	0.0	0.0	0.0	0.0	1	0	0	0	0	0	0	0	0	0	1	PCNX1	22990	missense_variant	p.V1419M	c.4255G>A	VVVVVVVVVVVVVVVVVVVVVVVVVVVVVVVVVVVVVVVVVVVVVVVVVVVVVVIVVVVV-VVVVVVVVVVVVVVVVVVVVVVVVVVVVVVVVTFTVIVV	pecanex 1		9244429|15777640	1.0	1.4342	0.15103	0.227	0.102			-1	1	25.5	25	NM_001308160.2;missense_variant;p.V1308M;c.3922G>A|NM_014982.3;missense_variant;p.V1419M;c.4255G>A	-25.5	25	.	.	.	.	.	.	.	.	.	.	.	.	.	.	0.01	0	0.02	0	0	0	-0.051	0	0	.	.	25.5	0/1	41	20	55	0.36363636363636365
chr3	11399970	C	T	snv	rs372998209	False	2.471e-05	1.19424e-05	0.0	0.0	1	0	0	0	0	0	3	3	0	0	1	ATG7	10533	missense_variant	p.R455C	c.1363C>T	RRRRRRRRRRRHRRRRRRRRCRRRRRRRRRRRRRRRRRRRRRRRRRRRR-RHRRRRHRQQQRQQQ-QRRRRRQRRRQRRRRC-RQQ-QQQQQQQQQQRRR	autophagy related 7	Ubiquitin like modifier activating enzymes|Autophagy related	10233149	7.3758e-12	1.3676	0.66033	0.936	0.474			-1	1	25.4	27	NM_001136031.3;missense_variant;p.R455C;c.1363C>T|NM_001144912.2;missense_variant;p.R416C;c.1246C>T|NM_001349232.2;missense_variant;p.R455C;c.1363C>T|NM_001349233.2;missense_variant;p.R455C;c.1363C>T|NM_001349234.2;missense_variant;p.R455C;c.1363C>T|NM_001349235.2;missense_variant;p.R455C;c.1363C>T|NM_001349236.2;missense_variant;p.R416C;c.1246C>T|NM_001349237.2;missense_variant;p.R402C;c.1204C>T|NM_001349238.2;missense_variant;p.R144C;c.430C>T|NM_006395.3;missense_variant;p.R455C;c.1363C>T	-25.4	27	.	.	.	.	.	.	.	.	.	.	.	.	.	.	0	0	0	0	0	0	0.029	0	0	.	.	25.4	0/1	47	26	60	0.43333333333333335
chr1	158581094	T	C	snv	rs370270782	False	1.654e-05	8.0204e-06	3.18471e-05	0.0	2	0	0	0	0	0	2	2	1	0	2	SPTA1	6708	missense_variant	p.Y2407C	c.7220A>G	YYYYYYYYYYYYYYYYY-YYYYYYYYYYYYYYYYYYYYYYYYYYYYYYYYYYYYYYYYYY-Y--------------YYYYY-YF----------------	spectrin alpha, erythrocytic 1	EF-hand domain containing|Spectrins		2.6001e-18	-2.2486	0.39414	0.491	0.318			-1	1	24.8	28	NM_003126.4;missense_variant;p.Y2407C;c.7220A>G|NM_001004478.2;3_prime_UTR_variant;p.?;c.*3924T>C	-24.8	28	.	.	.	.	.	.	.	.	.	.	.	.	.	.	0	0	0	0	0	0	0.075	0	0	.	.	24.8	0/1	48	26	49	0.5306122448979592
chr2	238726701	CCTGGACCT	C	indel	rs1363875844	False	0.0	4.05236e-06	3.18634e-05	0.0	1	0	0	0	0	0	0	1	1	0	1	RBM44	375316	frameshift_truncation	p.W382Cfs*3	c.1143_1150del	SSSSSSSSSSSSSSFFSSCYSSSSPFSSSSSSSSSSSSSSSSSSSSSS-SSSPSA-SSCYFCYY-----C--Y-Y-YCCRC-------------------	RNA binding motif protein 44	RNA binding motif containing		0.0010793	0.26019	0.32012	0.509	0.207			-1	1	24.6	29	NM_001080504.3;frameshift_variant;p.W381Cfs*3;c.1143_1150delGACCTCTG	-24.6	29	.	.	.	.	.	.	.	.	.	.	.	.	.	.	.	.	.	.	.	.	.	.	.	.	.	.	0/1	48	29	56	0.5178571428571429
chr2	238726701	CCTGGACCT	C	indel	rs1363875844	False	0.0	4.05236e-06	3.18634e-05	0.0	1	0	0	0	0	0	0	1	1	0	1	RBM44	375316	frameshift_truncation	p.W382Cfs*3	c.1143_1150del	SSSSSSSSSSSSSSSTSSSSSSSFPPSSSSS----SSSSSPSSSSSSS-FASSSSCSSSSSPSS--------S-S-ASSSS-------------------	RNA binding motif protein 44	RNA binding motif containing		0.0010793	0.26019	0.32012	0.509	0.207			-1	1	24.6	29	NM_001080504.3;frameshift_variant;p.W381Cfs*3;c.1143_1150delGACCTCTG	-24.6	29	.	.	.	.	.	.	.	.	.	.	.	.	.	.	.	.	.	.	.	.	.	.	.	.	.	.	0/1	48	29	56	0.5178571428571429
chr2	238726701	CCTGGACCT	C	indel	rs1363875844	False	0.0	4.05236e-06	3.18634e-05	0.0	1	0	0	0	0	0	0	1	1	0	1	RBM44	375316	frameshift_truncation	p.W382Cfs*3	c.1143_1150del	WWWWWWWWWWWWWWMGEGGGWWWWWWWWWWW----WWWWWWWWWWCCC-WCGWWWWWSTAASDD-----D--D-D-SIISS-------------------	RNA binding motif protein 44	RNA binding motif containing		0.0010793	0.26019	0.32012	0.509	0.207			-1	1	24.6	29	NM_001080504.3;frameshift_variant;p.W381Cfs*3;c.1143_1150delGACCTCTG	-24.6	29	.	.	.	.	.	.	.	.	.	.	.	.	.	.	.	.	.	.	.	.	.	.	.	.	.	.	0/1	48	29	56	0.5178571428571429
chr2	238726701	CCTGGACCT	C	indel	rs1363875844	False	0.0	4.05236e-06	3.18634e-05	0.0	1	0	0	0	0	0	0	1	1	0	1	RBM44	375316	frameshift_truncation	p.W382Cfs*3	c.1143_1150del	TTTTTTTTTPPTTATATTPPSSSSSTTTTTT----ATTTTTTTTTTTS-ATTTSN-TTPATIFF-----F--F-F-SSSSS-------------------	RNA binding motif protein 44	RNA binding motif containing		0.0010793	0.26019	0.32012	0.509	0.207			-1	1	24.6	29	NM_001080504.3;frameshift_variant;p.W381Cfs*3;c.1143_1150delGACCTCTG	-24.6	29	.	.	.	.	.	.	.	.	.	.	.	.	.	.	.	.	.	.	.	.	.	.	.	.	.	.	0/1	48	29	56	0.5178571428571429
chr5	9044670	C	A	snv	rs529504980	False	8.236e-06	0.0	0.0	0.0	1	0	0	0	0	0	1	0	0	0	1	SEMA5A	9037	missense_variant	p.V974L	c.2920G>T	VVVVVVVVVVVVVVVVVVVVVVVVVVVVVVVVVVVVVVVVVVVVVVVVVV-V-VV-V-VV-VVVVVVVVVVVVVVVVVVVVVTVVV-VVVVVVVVVVVVA	semaphorin 5A	Semaphorins|MicroRNA protein coding host genes	8817451|9464278	1.5403e-05	1.3329	0.33273	0.483	0.233			-1	1	24.4	30	NM_003966.3;missense_variant;p.V974L;c.2920G>T	-24.4	30	.	.	.	.	.	.	.	.	.	.	.	.	.	.	0	0	0	0	0	0	-0.055	0	0	.	.	24.4	0/1	46	21	48	0.4375
chr22	26176052	C	T	snv	rs752053285	False	2.482e-05	2.23978e-05	3.18431e-05	0.0	4	0	0	0	0	0	3	5	1	0	4	MYO18B	84700	missense_variant	p.L700F	c.2098C>T	LLLLLLLLLLLLLLLLLLLLLLLLLLLLLLLLLLLLLLLLLLLLLLLLLLLLLLLLLLLLLLLLLLLLLL-LL-LLLLLLLLLLL-LLL-LL--L-LLL-	myosin XVIIIB	Myosin heavy chains, class XVIII	12209013|12547197	1.0329e-31	0.17681	0.58609	0.715	0.482			-1	1	24.4	30	NM_001318245.2;missense_variant;p.L700F;c.2098C>T|NM_032608.7;missense_variant;p.L700F;c.2098C>T	-24.4	30	.	.	.	.	.	.	.	.	.	.	.	.	.	.	0.01	0	0	0	0	0	0.025	0	0	.	.	24.4	0/1	48	26	49	0.5306122448979592
chr15	100821601	TC	T	indel	.	False	0.0	0.0	0.0	0.0	3	0	0	0	0	0	0	0	0	0	3	ADAMTS17	170691	frameshift_truncation	p.K208Rfs*51	c.621del	KKKKKKKKKKKKKKKKKKKEK-KKKKKKKKKKKKK-NKKKKKKKKKKK--KH-HNNNKKKKKKKKKKKKKKKKKKKKKKKKKKK-T-R--RR-KKK--K-	ADAM metallopeptidase with thrombospondin type 1 motif 17	ADAM metallopeptidases with thrombospondin type 1 motif	11867212	2.802e-15	-1.3894	0.5495	0.732	0.417			-1	1	24.4	30	NM_139057.4;frameshift_variant;p.K208Rfs*51;c.621delG	-24.4	30	.	.	.	.	.	.	.	.	.	.	.	.	.	.	.	.	.	.	.	.	.	.	.	.	.	.	0/1	46	30	49	0.6122448979591837
chr15	100821601	TC	T	indel	.	False	0.0	0.0	0.0	0.0	3	0	0	0	0	0	0	0	0	0	3	ADAMTS17	170691	frameshift_truncation	p.K208Rfs*51	c.621del	KKKKKKKKKKKKKKKKKKKKK-KKQMKKKKKKKKK-KKKKKKKQQKKKK-KK-KKKKKKKKKKKKKKKKKKKKKKKKKKKKKKK----------------	ADAM metallopeptidase with thrombospondin type 1 motif 17	ADAM metallopeptidases with thrombospondin type 1 motif	11867212	2.802e-15	-1.3894	0.5495	0.732	0.417			-1	1	24.4	30	NM_139057.4;frameshift_variant;p.K208Rfs*51;c.621delG	-24.4	30	.	.	.	.	.	.	.	.	.	.	.	.	.	.	.	.	.	.	.	.	.	.	.	.	.	.	0/1	46	30	49	0.6122448979591837
chr1	874738	G	GC	indel	rs1449459220	False	0.0	0.0	0.0	0.0	1	0	0	0	0	0	0	0	0	0	1	SAMD11	148398	frameshift_elongation	p.S203Qfs*4	c.604dup	AAAA-AAAATAAA-AAAAAAGAAA-A-AAAAAAAAAAAAAAAAAAAAAAAAAAAAAAVR-PWA----QL---P-HHS----HH-QQQQQQQQ-QQ-----	sterile alpha motif domain containing 11	Sterile alpha motif domain containing	27734943	4.7681e-14	-3.4361	0.89656	1.28	0.64			-1	1	24.4	30	NM_001385640.1;frameshift_variant;p.S383Qfs*4;c.1146dupC|NM_001385641.1;frameshift_variant;p.S382Qfs*4;c.1143dupC|NM_152486.4;frameshift_variant;p.S203Qfs*4;c.606dupC|NM_015658.4;downstream_gene_variant;;	-24.4	30	.	.	.	.	.	.	.	.	.	.	.	.	.	.	.	.	.	.	.	.	.	.	.	.	.	.	0/1	47	27	46	0.5869565217391305
chr20	51872135	T	G	snv	rs771576075	False	8.239e-06	4.45506e-06	9.55779e-05	0.0	2	0	0	0	0	0	1	1	3	0	2	TSHZ2	128553	missense_variant	p.L710W	c.2129T>G	LLLLLLLLLLLLLLLLLLLLLLLLLLLLLLLLLL-LLLLLLLLLLLLLLLLLLLLMLLLLLLLLLLLLLLLLLLLLLLLLLLLLNNNNNNNNNN--RRS-	teashirt zinc finger homeobox 2	Zinc fingers C2H2-type|ZF class homeoboxes and pseudogenes	9671742	0.9814	0.60185	0.14619	0.307	0.075			-1	1	24.4	30	NM_001193421.2;missense_variant;p.L710W;c.2129T>G|NM_173485.6;missense_variant;p.L713W;c.2138T>G	-24.4	30	.	.	.	.	.	.	.	.	.	.	.	.	.	.	0	0	0	0	0	0	0.006	0	0	.	.	24.4	0/1	47	31	54	0.5740740740740741
chr20	20226846	T	C	snv	rs1409689998	False	0.0	3.98061e-06	0.0	0.0	1	0	0	0	0	0	0	1	0	0	1	CFAP61	26074	missense_variant	p.F716L	c.2146T>C		cilia and flagella associated protein 61	Cilia and flagella associated	11780052|17967944	3.1129e-15	0.24459	0.54701	0.728	0.415			-1	1	24.3	35	NM_015585.4;missense_variant;p.F716L;c.2146T>C	-24.3	35	.	.	.	.	.	.	.	.	.	.	.	.	.	.	.	.	.	.	0	0	0.083	0	0	.	.	24.3	0/1	47	22	49	0.4489795918367347
chr19	55742794	G	A	snv	rs367598507	False	0.0	1.30189e-05	0.0	0.0	1	0	0	0	0	0	0	3	0	0	1	PPP6R1	22870	missense_variant	p.P815S	c.2443C>T	PPPPPPPPPPPPPPSPPPPPPPPPPPPP-PPPPPPPPPPPPPPPPP-PPP-PPPPLPPS--------PP-------S-----------------------	protein phosphatase 6 regulatory subunit 1	Protein phosphatase 6 regulatory subunits|MicroRNA protein coding host genes	16769727	0.98287	0.035369	0.16187	0.304	0.091			-1	1	24.3	35	NM_014931.4;missense_variant;p.P815S;c.2443C>T|NM_001372013.1;upstream_gene_variant;;|NM_173804.5;upstream_gene_variant;;|NR_106862.1;upstream_gene_variant;;	-24.3	35	.	.	.	.	.	.	.	.	.	.	.	.	.	.	0	0	0	0	0	0	0.227	0	0	.	.	24.3	0/1	48	20	43	0.46511627906976744
chr9	85624572	T	C	snv	.	False	0.0	0.0	0.0	0.0	1	0	0	0	0	0	0	0	0	0	1	RASEF	158158	missense_variant	p.S315G	c.943A>G	SSSSSSSSSSSSSSTSSSSTSSSSSSS--S-SSSSSSSSTTTTSSSSSSSSSSSSTSTTSSSTTSSSSST--TTTTSSSSSSSS---SSSSSS--SSSS-	RAS and EF-hand domain containing	RAB, member RAS oncogene GTPases|EF-hand domain containing	17448446|27724860	2.2309e-09	0.024118	0.51362	0.74	0.363			-1	1	24.3	35	NM_152573.4;missense_variant;p.S315G;c.943A>G	-24.3	35	.	.	.	.	.	.	.	.	.	.	.	.	.	.	0	0	0.11	0.03	0	0	-0.154	0	0	.	.	24.3	0/1	48	25	50	0.5
chr13	111111265	G	C	snv	rs766013820	False	0.0	0.0	0.0	0.0	2	0	0	0	0	0	0	0	0	0	2	COL4A2	1284	missense_variant	p.G527A	c.1580G>C	GGGGGGGGGGGGGGGGGGGGGGGGGGGGGGGGGGGGGGGGGGGGGGGG---GGGGGGGGGGG--------------GGGGGGG-----------------	collagen type IV alpha 2 chain	Collagens|MicroRNA protein coding host genes	2439508|3025878	3.5842e-15	2.1862	0.4495	0.585	0.348			-1	1	24.3	35	NM_001846.4;missense_variant;p.G527A;c.1580G>C|NM_001267044.1;intron_variant;p.?;c.73-632C>G	-24.3	35	.	.	.	.	.	.	.	.	.	.	.	.	.	.	0	0	0	0	0	0	0.148	0	0	.	.	24.3	0/1	47	26	44	0.5909090909090909
chr6	3111100	T	C	snv	rs115193568	False	0.0	1.19373e-05	0.0	0.0	4	0	0	0	0	0	0	3	0	0	4	RIPK1	8737	missense_variant	p.M547T	c.1640T>C		receptor interacting serine/threonine kinase 1	Ripoptosome	7538908|8612133	0.0079441	1.5613	0.31771	0.554	0.191			-1	1	24.2	39	NM_001317061.3;missense_variant;p.M384T;c.1151T>C|NM_001354930.2;missense_variant;p.M547T;c.1640T>C|NM_001354931.2;missense_variant;p.M501T;c.1502T>C|NM_001354932.2;missense_variant;p.M384T;c.1151T>C|NM_001354933.2;missense_variant;p.M384T;c.1151T>C|NM_001354934.2;missense_variant;p.M384T;c.1151T>C|NM_003804.6;missense_variant;p.M547T;c.1640T>C	-24.2	39	.	.	.	.	.	.	.	.	.	.	.	.	.	.	0	0	0	0	0	0	0.07	0	0	.	.	24.2	0/1	47	18	41	0.43902439024390244
chr1	156815831	G	T	snv	rs376284825	False	8.237e-06	0.0	3.18654e-05	0.0	1	0	0	0	0	0	1	0	1	0	1	INSRR	3645	missense_variant	p.R631S	c.1891C>A	RRRRRRRRRRRRRRRRRRRRRRRRRRRRRRRRRRRRRRRRRRRRRRRRRRRRRRRRR-RR--RRRRRRRRRRR-RPRRRRRPRPPAAAPPPPPPPPPPPP	insulin receptor related receptor	Receptor tyrosine kinases|Fibronectin type III domain containing	2768234|2249481	5.3976e-24	0.80108	0.74136	0.951	0.583			-1	1	24.1	40	NM_014215.3;missense_variant;p.R631S;c.1891C>A|NM_001007792.1;intron_variant;p.?;c.122+3846G>T	-24.1	40	.	.	.	.	.	.	.	.	.	.	.	.	.	.	0.01	0	0	0	0	0	-0.043	0	0	.	.	24.1	0/1	48	21	41	0.5121951219512195
chr11	112103902	C	T	snv	rs765406631	True	1.647e-05	7.95393e-06	0.0	0.0	4	0	0	0	0	0	2	2	0	0	4	PTS	5805	missense_variant	p.P87L	c.260C>T	PPP-PPPPPPPPPPPPPPPPPPPPPPPPPPPPPPPPPPP-PPPPPPP-PPPPPPP-PPPP-P-----P----P-PPPPPPLP-PPPPP-PPPP-PPPPPP	6-pyruvoyltetrahydropterin synthase		8188266	6.4613e-06	0.12554	0.97229	1.685	0.568	likely pathogenic / pathogenic	multiple submitters, criteria provided, no conflicts	-1	1	23.9	41	NM_000317.3;missense_variant;p.P87L;c.260C>T	-23.9	41	.	.	.	.	.	.	.	.	.	.	.	.	.	.	0	0	0	0	0	0	0.277	0	0	.	.	23.6	0/1	48	30	55	0.5454545454545454
chr9	139299118	C	A	snv	.	False	0.0	0.0	0.0	0.0	1	0	0	0	0	0	0	0	0	0	1	ENTR1	10807	missense_variant	p.V345F	c.1033G>T	VVIVVVVVVVVVVVVVVVVVVVVV-V-VVVVVVVVVVIVVVVVVVV-VVV-VVIAVVVVV-V--A--A-------AAVVVVMVT----------------	endosome associated trafficking regulator 1		9610721	3.6526e-13	-1.1081	0.93212	1.354	0.655			-1	1	23.9	41	NM_001039707.2;missense_variant;p.V345F;c.1033G>T|NM_001039708.2;missense_variant;p.V272F;c.814G>T|NM_006643.4;missense_variant;p.V322F;c.964G>T	-23.9	41	.	.	.	.	.	.	.	.	.	.	.	.	.	.	0	0.03	0	0	0	0	-0.123	0	0	.	.	23.9	0/1	48	20	36	0.5555555555555556
chr20	56138669	G	A	snv	rs574265290	False	2.471e-05	1.59435e-05	0.0	0.000200723	1	0	0	0	0	0	3	4	0	1	1	PCK1	5105	missense_variant	p.A283T	c.847G>A	AAAAAAAAAAAAAAAAAAAAAAAAAAAAAAAAAAAAAAAAAAAAAAAAA-AAAAAAAAAAAAAAAAAAAAAAAAAAAAAAAAAAAAAAAAAAAAAAAAA-	phosphoenolpyruvate carboxykinase 1		1492743	8.7476e-15	-0.042962	0.90852	1.287	0.653			-1	1	23.8	43	NM_002591.4;missense_variant;p.A283T;c.847G>A	-23.8	43	.	.	.	.	.	.	.	.	.	.	.	.	.	.	0	0	0	0	0	0	-0.059	0	0	.	.	23.8	0/1	48	21	37	0.5675675675675675
chr12	54333099	A	G	snv	rs770420677	False	8.364e-06	3.98521e-05	6.38733e-05	0.0	3	0	0	0	0	0	1	8	2	0	3	HOXC13	3229	missense_variant	p.N137D	c.409A>G	NNNNN-NNNN-NN-NN-NNNNNNNNNN--NNNNNNNN-NNNNNNNNNNNNN-NNNNNNVG--GGGG---GGKGG--NNNNNNNNNNNNNNNNNNNNNNN-	homeobox C13	HOXL subclass homeoboxes	1973146|1358459	0.42048	0.54985	0.20955	0.66	0.085			-1	1	23.7	44	NM_017410.3;missense_variant;p.N137D;c.409A>G|NR_047507.1;non_coding_transcript_intron_variant;;n.173+156T>C	-23.7	44	.	.	.	.	.	.	.	.	.	.	.	.	.	.	0	0	0	0	0	0	0.012	0	0	.	.	23.7	0/1	45	31	50	0.62
chr12	57432690	T	C	snv	rs200230941	False	8.236e-06	1.59247e-05	3.18552e-05	0.0	4	0	0	0	0	0	1	4	1	0	4	MYO1A	4640	missense_variant	p.H479R	c.1436A>G	HHHHHHHHHHHHHHHHHHHHHHHHHHHHHHHHHHHHHHHHHHHHHHHHHHHHHHHHHHHHH-HHHHHHHHHHHHHHHHHHHNHHHHHHHHHHHHHHHHHH	myosin IA	Myosin heavy chains, class I	8884266|12736868	8.897e-46	-0.49508	1.0797	1.325	0.885			-1	1	23.5	45	NM_001256041.2;missense_variant;p.H479R;c.1436A>G|NM_005379.4;missense_variant;p.H479R;c.1436A>G	-23.5	45	.	.	.	.	.	.	.	.	.	.	.	.	.	.	0.02	0	0.01	0	0	0	0.004	0	0	.	.	23.5	0/1	48	30	57	0.5263157894736842
chr1	11140581	G	T	snv	.	False	0.0	0.0	0.0	0.0	1	0	0	0	0	0	0	0	0	0	1	EXOSC10	5394	missense_variant	p.L538M	c.1612C>A	LLLLLLLLLLLLLLLLLLLLLLLLLLLLLLLLLLLLLLLLLLLLLLLLLLLLLLLLLLLL-LLLLLLLLLSLLLLLLLLLLL-MIIIIIIIIIII-MMIM	exosome component 10	Exosome complex	1383382|1644924	1.9676e-14	0.86967	0.54919	0.738	0.414			-1	1	23.4	46	NM_001001998.3;missense_variant;p.L538M;c.1612C>A|NM_002685.4;missense_variant;p.L538M;c.1612C>A	-23.4	46	.	.	.	.	.	.	.	.	.	.	.	.	.	.	0	0	0	0	-0.136	-0.248	0	0	0	.	.	23.4	0/1	48	17	34	0.5
chr17	41931279	TCTC	T	indel	.	False	0.0	0.0	0.0	0.0	1	0	0	0	0	0	0	0	0	0	1	CD300LG	146894	disruptive_inframe_deletion	p.S196_Q197delins*	c.587_589del	SSSSSSSSSSSSFSSSSSSSA---ATSSSSSSSSSSSTSSSSSFFSSPSSSSSSSRSS------------------------------------------	CD300 molecule like family member g	V-set domain containing	16876123|16754720	0.00073606	-0.18108	0.52542	0.987	0.298			-1	1	23.4	46	NM_001168322.2;stop_gained;p.S196*;c.587_589delCTC|NM_001168323.2;stop_gained;p.S162*;c.485_487delCTC|NM_145273.4;stop_gained;p.S196*;c.587_589delCTC|NM_001168324.2;intron_variant;p.?;c.380-48_380-46delCTC	-23.4	46	.	.	.	.	.	.	.	.	.	.	.	.	.	.	.	.	.	.	.	.	.	.	.	.	.	.	0/1	44	23	35	0.6571428571428571
chr17	41931279	TCTC	T	indel	.	False	0.0	0.0	0.0	0.0	1	0	0	0	0	0	0	0	0	0	1	CD300LG	146894	disruptive_inframe_deletion	p.S196_Q197delins*	c.587_589del	QQQQQQQQQQQPLPRPPPPPP---PRPPPPPLPLLPQPPPPPPPLLLLLPPLFPSPPS------------------------------------------	CD300 molecule like family member g	V-set domain containing	16876123|16754720	0.00073606	-0.18108	0.52542	0.987	0.298			-1	1	23.4	46	NM_001168322.2;stop_gained;p.S196*;c.587_589delCTC|NM_001168323.2;stop_gained;p.S162*;c.485_487delCTC|NM_145273.4;stop_gained;p.S196*;c.587_589delCTC|NM_001168324.2;intron_variant;p.?;c.380-48_380-46delCTC	-23.4	46	.	.	.	.	.	.	.	.	.	.	.	.	.	.	.	.	.	.	.	.	.	.	.	.	.	.	0/1	44	23	35	0.6571428571428571
chr1	110884341	G	T	snv	.	False	0.0	0.0	0.0	0.0	1	0	0	0	0	0	0	0	0	0	1	RBM15	64783	missense_variant	p.G772W	c.2314G>T	GGGGGGGGGGGGGGGGGGGGGGGGGGGGGGGGGGGGGGGGGGGGGGGGSSSGGGGGG----GGGGGLGGGGG-GGGGGGGGG---AAAGAAA---AASTS	RNA binding motif protein 15	RNA binding motif containing|WTAP complex	11431691|11344311	0.99474	1.7679	0.12046	0.276	0.058			-1	1	23.3	48	NM_001201545.2;missense_variant;p.G772W;c.2314G>T|NM_022768.5;missense_variant;p.G772W;c.2314G>T|NR_036595.1;upstream_gene_variant;;	-23.3	48	.	.	.	.	.	.	.	.	.	.	.	.	.	.	0	0	0	0	0	0	0.006	0	0	.	.	23.3	0/1	46	21	51	0.4117647058823529
chr5	41381956	T	C	snv	rs775985595	False	8.237e-06	4.01494e-06	0.0	0.0	1	0	0	0	0	0	1	1	0	0	1	PLCXD3	345557	missense_variant	p.S262G	c.784A>G		phosphatidylinositol specific phospholipase C X domain containing 3			0.0089141	0.1346	0.44896	0.944	0.234			-1	1	23.3	48	NM_001005473.3;missense_variant;p.S262G;c.784A>G	-23.3	48	.	.	.	.	.	.	.	.	.	.	.	.	.	.	0	0	0	0	0	0	-0.01	0	0	.	.	23.3	0/1	48	25	49	0.5102040816326531
chr1	42049802	C	T	snv	rs147878871	False	4.118e-05	3.18342e-05	9.55414e-05	0.0	1	0	0	0	0	0	2	8	3	0	1	HIVEP3	59269	missense_variant	p.G223S	c.667G>A	GGGGGGGGGGGGGGGGGGGGGGGGGGGGGGGGGGGGGGGGGGGGGGGGGGGGGGGGGGIII-IIIIIIIIIIIIVIIIIIIIIIPPPAAAAAVAAVVVVA	HIVEP zinc finger 3	Zinc fingers C2H2-type	11161801	0.90584	1.1744	0.20341	0.313	0.135			-1	1	23.1	50	NM_001127714.3;missense_variant;p.G223S;c.667G>A|NM_024503.5;missense_variant;p.G223S;c.667G>A	-23.1	50	.	.	.	.	.	.	.	.	.	.	.	.	.	.	0	0	0	0	0	0	-0.001	0	0	.	.	23.1	0/1	48	21	42	0.5
chr3	194991744	G	T	snv	.	False	0.0	0.0	0.0	0.0	1	0	0	0	0	0	0	0	0	0	1	XXYLT1	152002	missense_variant	p.A15E	c.44C>A	AA-AA-AAAA-AAAAA--AAAAAAAAAAAAA-AA-EAAAAAAAAA-AAAAAAVAAAAA---------GA-----G--------AGG-G----SGGGGGA-	xyloside xylosyltransferase 1	Glycosyltransferase family 8|MicroRNA protein coding host genes	22117070	0.0013246	0.52439	0.56306	1.111	0.307			-1	1	23.1	50	NM_152531.5;missense_variant;p.A15E;c.44C>A|NM_012287.6;downstream_gene_variant;;	-23.1	50	.	.	.	.	.	.	.	.	.	.	.	.	.	.	0	0	0	0	0	0	0.031	0	0	.	.	23.1	0/1	47	26	59	0.4406779661016949
chr5	163395	C	T	snv	rs762271174	False	5.766e-05	5.99396e-05	0.0	0.0	1	0	0	0	0	0	1	15	0	0	1	PLEKHG4B	153478	missense_variant	p.R714C	c.2140C>T	RRRRRRRRRRR-------------R--QQHH----HHHHHHHH--HHH---R-HRRR-RRRL--------------CRRRRR-RRRRRRRRRRRRKR-RR	pleckstrin homology and RhoGEF domain containing G4B	Pleckstrin homology domain containing|Dbl family Rho GEFs	11572484	1.0827e-32	-0.27066	0.9669	1.224	0.77			-1	1	22.9	52	NM_052909.5;missense_variant;p.R1070C;c.3208C>T	-22.9	52	.	.	.	.	.	.	.	.	.	.	.	.	.	.	0	0	0	0	0	0	-0.001	0	0	.	.	22.9	0/1	48	25	49	0.5102040816326531
chr16	78466533	C	T	snv	rs781683643	True	8.265e-06	1.20204e-05	0.0	0.0	1	0	0	0	0	0	1	3	0	0	1	WWOX	51741	missense_variant	p.R314C	c.940C>T	RRRRRRRRRRRRRRRRRRRRRRRRRRRRRRRRRRRRRRRRRRRRRRRRRRRRRRRRRHHHHHHHHHHHHHHHHHHHHHHYHHHHYYYYYYYYRHHHHHH-	WW domain containing oxidoreductase	Short chain dehydrogenase/reductase superfamily	10786676|10861292|19027726	1.2376e-15	-4.4417	1.0742	1.532	0.766	uncertain significance	single submitter, criteria provided	-1	1	22.7	53	NM_001291997.2;missense_variant;p.R201C;c.601C>T|NM_016373.4;missense_variant;p.R314C;c.940C>T	-22.7	53	.	.	.	.	.	.	.	.	.	.	.	.	.	.	0	0	0	0	0	0	-0.039	0	0	.	.	22.7	0/1	47	25	48	0.5208333333333334
chr17	1373597	G	A	snv	rs759543533	False	8.558e-06	2.86849e-05	3.19857e-05	0.0	3	0	0	0	0	0	1	5	1	0	3	MYO1C	4641	missense_variant	p.P800S	c.2398C>T	PPPPPPPPPPPPPPPPPPPPPPPPPPPPPPPPPPPPPPPPPPPPPPPPPPPPPPPPPPPPP-PPPPPPPPPPPPPPPPPPP-PPEEEEEEEEEEEEPPP-	myosin IC	Myosin heavy chains, class I|B-WICH chromatin-remodelling complex subunits	9119401	1.639e-14	-0.63663	0.51054	0.68	0.387			-1	1	22.7	53	NM_001080779.2;missense_variant;p.P800S;c.2398C>T|NM_001080950.2;missense_variant;p.P781S;c.2341C>T|NM_001363855.1;missense_variant;p.P776S;c.2326C>T|NM_033375.5;missense_variant;p.P765S;c.2293C>T	-22.7	53	.	.	.	.	.	.	.	.	.	.	.	.	.	.	0	0	0.07	0	0	0	0.14	0	0	.	.	22.7	0/1	48	20	42	0.47619047619047616
chr11	71819824	C	G	snv	rs876657863	True	0.0	1.93946e-05	0.0	0.0	2	0	0	0	0	0	0	3	0	0	2	LRTOMT	220074	missense_variant	p.D243E	c.729C>G	D-DDDDDDDDDDDDDDDDDDDDDDDDDDDDDDDDDDDDDDDDDDDDDDDDDDDDDDDDDDD-DDDDDDD-D--DDDDDDDDDDDDDDDDDDDDDDD-DD-	leucine rich transmembrane and O-methyltransferase domain containing	Cilia and flagella associated	18794526|18953341	.	.	.	.	.	uncertain significance	single submitter, criteria provided	-1	1	22.7	53	NM_001145308.5;missense_variant;p.D243E;c.729C>G|NM_001145309.4;missense_variant;p.D243E;c.729C>G|NM_001145310.4;missense_variant;p.D203E;c.609C>G|NM_001278485.2;downstream_gene_variant;;|NM_001278486.2;downstream_gene_variant;;|NM_001278487.2;downstream_gene_variant;;|NM_001278488.2;downstream_gene_variant;;|NM_001278489.2;downstream_gene_variant;;|NM_001278490.2;downstream_gene_variant;;|NM_001278491.1;downstream_gene_variant;;|NM_001278492.1;downstream_gene_variant;;|NM_001278493.1;downstream_gene_variant;;|NM_001278494.1;downstream_gene_variant;;|NM_001330321.2;intron_variant;p.?;c.319-1173G>C|NM_014042.3;downstream_gene_variant;;	-22.7	53	.	.	.	.	.	.	.	.	.	.	.	.	.	.	0	0	0	0	0	0	-0.025	0	0	.	.	22.7	0/1	42	28	42	0.6666666666666666
chr5	90074355	G	T	snv	rs773072116	True	3.307e-05	2.42012e-05	3.18715e-05	0.0	3	0	0	0	0	0	4	6	1	0	3	ADGRV1	84059	missense_variant	p.V4260L	c.12778G>T		adhesion G protein-coupled receptor V1	Adhesion G protein-coupled receptors, subfamily V|USH2 complex 	10976914|14740321|25713288	3.1737e-39	0.073987	0.44078	0.516	0.377	uncertain significance	multiple submitters, criteria provided, no conflicts	-1	1	22.6	56	NM_032119.4;missense_variant;p.V4260L;c.12778G>T	-22.6	56	.	.	.	.	.	.	.	.	.	.	.	.	.	.	.	.	.	.	0	0	-0.023	0	0	.	.	22.6	0/1	48	28	51	0.5490196078431373
chr20	21376784	A	G	snv	rs1448739480	False	0.0	0.0	0.0	0.0	1	0	0	0	0	0	0	0	0	0	1	NKX2-4	644524	missense_variant	p.V277A	c.830T>C	VVVVV-VVVV-VV-VVGVVVVV-VVVV---VVV---V-VV-VV-VVV-V-VVVVVVVVVVV-VVVVVVVVVVVVVVVLVGVVVVVVVVVVVV-VVVVVVV	NK2 homeobox 4	NKL subclass homeoboxes and pseudogenes	1346742|10818213	0.0044783	-0.079905	0.6994	1.545	0.342			-1	1	22.6	56	NM_033176.2;missense_variant;p.V277A;c.830T>C	-22.6	56	.	.	.	.	.	.	.	.	.	.	.	.	.	.	0	0	0	0	0	0	0.014	0	0	.	.	22.6	0/1	48	30	55	0.5454545454545454
chr1	28157371	T	C	snv	rs2089093387	False	0.0	0.0	0.0	0.0	1	0	0	0	0	0	0	0	0	0	1	PPP1R8	5511	missense_variant	p.S9P	c.25T>C	SSSSSSSSSSSS-SSSSSSSSSSSSSSSSSSSSS-SSSSSSSSSSSSSSSSSSSSSSSSSSS------G--G--G-G-G--G-P----------------	protein phosphatase 1 regulatory subunit 8	Protein phosphatase 1 regulatory subunits|Endoribonucleases|Small nucleolar RNA protein coding host genes	7524097|8473324	0.98791	2.9088	0.0	0.224	0.0			-1	1	22.4	58	NM_014110.5;missense_variant;p.S9P;c.25T>C|NM_002713.4;5_prime_UTR_variant;p.?;c.-902T>C|NM_138558.3;5_prime_UTR_variant;p.?;c.-757T>C|NR_002997.1;upstream_gene_variant;;	-22.4	58	.	.	.	.	.	.	.	.	.	.	.	.	.	.	0	0	0	0	0	0	-0.055	0	0	.	.	22.4	0/1	48	21	40	0.525
chr19	55879594	C	T	snv	rs553947830	False	0.0	5.54224e-05	0.000127918	0.0	1	0	0	0	0	0	0	8	4	0	1	IL11	3589	missense_variant	p.R138H	c.413G>A	RRRRRR-RRRRRRRRRRRRRRRRR-R-RRRRRR-RRRRRRRRRRR--RRR-RRRRHRRKKK------GG-A-----A-K---P-----------R----P	interleukin 11	Interleukins|Interleukin 6 type cytokine family	1386338	0.00031772	-0.48819	0.76596	1.491	0.418			-1	1	22.4	58	NM_000641.4;missense_variant;p.R138H;c.413G>A|NM_001267718.2;missense_variant;p.R59H;c.176G>A|NM_001145402.2;upstream_gene_variant;;	-22.4	58	.	.	.	.	.	.	.	.	.	.	.	.	.	.	0	0	0	0	0	0	0	0	0	.	.	22.4	0/1	45	20	50	0.4
chr6	122753289	G	C	snv	.	False	0.0	0.0	0.0	0.0	1	0	0	0	0	0	0	0	0	0	1	HSF2	3298	missense_variant	p.S494T	c.1481G>C	SSSSSSSSSSSSSSSSSSSSSSSSSSSSSSSSSSSSSSSSSSSSSSSSSSSSSSSSSSSSSSSSSSSSSSSSSSSSSSSSSSSS---S-SSS--TSNSS-	heat shock transcription factor 2		1871106	0.97536	2.0685	0.13782	0.315	0.067			-1	1	22.3	60	NM_001135564.1;missense_variant;p.S494T;c.1481G>C|NM_004506.4;missense_variant;p.S512T;c.1535G>C	-22.3	60	.	.	.	.	.	.	.	.	.	.	.	.	.	.	0	0	0	0	0	0	0.032	0	0	.	.	22.3	0/1	48	20	38	0.5263157894736842
chr17	73487787	G	A	snv	rs150333685	False	2.471e-05	4.37609e-05	9.56206e-05	0.0	1	0	0	0	0	0	3	11	3	0	1	TMEM94	9772	missense_variant	p.A468T	c.1402G>A		transmembrane protein 94	MicroRNA protein coding host genes	8724849	2.7548e-14	2.5041	0.48347	0.641	0.368			-1	1	22.2	61	NM_001321148.2;missense_variant;p.A478T;c.1432G>A|NM_001321149.2;missense_variant;p.A472T;c.1414G>A|NM_001351202.2;missense_variant;p.A468T;c.1402G>A|NM_001351203.2;missense_variant;p.A478T;c.1432G>A|NM_014738.6;missense_variant;p.A468T;c.1402G>A	-22.2	61	.	.	.	.	.	.	.	.	.	.	.	.	.	.	.	.	.	.	0	0	-0.039	0	0	.	.	22.2	0/1	48	19	36	0.5277777777777778
chr19	291009	C	T	snv	rs1001957805	False	0.0	0.0	0.0	0.0	1	0	0	0	0	0	0	0	0	0	1	PLPP2	8612	missense_variant	p.E20K	c.58G>A		phospholipid phosphatase 2	Phospholipid phosphatases	9570154|9607309	0.00083068	0.49152	0.514	0.965	0.291			-1	1	21.6	62	NM_177543.3;missense_variant;p.E20K;c.58G>A|NM_003712.4;intron_variant;p.?;c.52+276G>A|NM_177526.3;5_prime_UTR_variant,intron_variant;p.?;c.-117+317G>A	-21.6	62	.	.	.	.	.	.	.	.	.	.	.	.	.	.	.	.	.	.	0	0	-0.034	0	0	.	.	21.6	0/1	47	22	43	0.5116279069767442
chr1	36769447	G	GGGCCGA	indel	rs1646060700	False	0.0	0.0	0.0	0.0	1	0	0	0	0	0	0	0	0	0	1	THRAP3	9967	inframe_insertion;direct_tandem_duplication	p.R901_G902dup	c.2692_2697dup	RRRRRRRRRRRRRRRRRRRRRRRRRR-RRRRRRRRRRRRRRRRRRRRRRRRRRRRRRRRR-RRRRRRRRRRRRRRRRRRRRRRRRR-RRRRRR-RRRRR-	thyroid hormone receptor associated protein 3	WTAP complex|Spliceosomal A complex		0.99998	2.1627	0.083154	0.19	0.04			-1	1	21.5	63	NM_001321471.2;conservative_inframe_insertion,disruptive_inframe_insertion;p.R901_G902dup;c.2700_2705dupCCGAGG|NM_001321473.2;conservative_inframe_insertion,disruptive_inframe_insertion;p.R900_G901dup;c.2697_2702dupCCGAGG|NM_005119.4;conservative_inframe_insertion,disruptive_inframe_insertion;p.R901_G902dup;c.2700_2705dupCCGAGG|NM_001162530.2;upstream_gene_variant;;|NM_024676.5;upstream_gene_variant;;	-21.5	63	.	.	.	.	.	.	.	.	.	.	.	.	.	.	.	.	.	.	.	.	.	.	.	.	.	.	0/1	47	20	46	0.43478260869565216
chr6	46133265	C	T	snv	rs553695829	False	1.647e-05	2.95197e-05	0.0	0.0	2	0	0	0	0	0	2	7	0	0	2	ENPP5	59084	missense_variant	p.A289T	c.865G>A	AAAA-AAAAAAAAAAAAAAAAAAAAAAAAAAAAAAAASAAAAAAAACAAAAAAAAAAAAA-AAAAAAAAAAAAAA-AAAAADCC-AAA------AAACC-	ectonucleotide pyrophosphatase/phosphodiesterase family member 5	Ectonucleotide pyrophosphatase/phosphodiesterase family	11027689|28898552	3.1565e-10	0.043628	0.95823	1.473	0.64			-1	1	21.2	64	NM_001290072.2;missense_variant;p.A289T;c.865G>A|NM_001290073.2;missense_variant;p.A195T;c.583G>A|NM_021572.6;missense_variant;p.A289T;c.865G>A	-21.2	64	.	.	.	.	.	.	.	.	.	.	.	.	.	.	0	0.01	0	0	0	0	-0.062	0	0	.	.	21.2	0/1	45	26	63	0.4126984126984127
chr1	240370955	T	G	snv	.	False	0.0	0.0	0.0	0.0	3	0	0	0	0	0	0	0	0	0	3	FMN2	56776	missense_variant	p.L948R	c.2843T>G	LL-L-LL--L-LLL-L-LL--L--LL-L-LL-LLLLL-LLLLLL-LL-LL-LLLLL---L--LLFLL-L-PPLLF-LLLLLLL------LLL-LP-LL--	formin 2	Formins	10781961	0.99772	0.31819	0.16154	0.274	0.099			-1	1	20.6	65	NM_001305424.2;missense_variant;p.L952R;c.2855T>G|NM_020066.5;missense_variant;p.L948R;c.2843T>G|NM_001348094.2;intron_variant;p.?;c.1986+19393T>G	-20.6	65	False	True	False	False	False	False	False	False	uncertain	empty	empty	uncertain	uncertain	1	0	0	0	0	0	0	0.005	0	0	.	.	20.6	0/1	22	6	22	0.2727272727272727
chr12	51639915	G	T	snv	.	False	0.0	0.0	0.0	0.0	1	0	0	0	0	0	0	0	0	0	1	DAZAP2	9802	missense_variant	p.R150I	c.449G>T		DAZ associated protein 2		10857750|7584044	0.36369	0.98533	0.22424	0.706	0.091			-1	1	20.5	66	NM_001136269.2;missense_variant;p.R150I;c.449G>T|NM_001031628.2;intron_variant;p.?;c.116-12C>A|NM_001033873.1;intron_variant;p.?;c.116-12C>A|NM_001136264.2;downstream_gene_variant;;|NM_001136266.2;downstream_gene_variant;;|NM_001136267.2;downstream_gene_variant;;|NM_001136268.2;downstream_gene_variant;;|NM_014764.4;downstream_gene_variant;;	-20.5	66	.	.	.	.	.	.	.	.	.	.	.	.	.	.	0.06	0.05	0	0	0.039	0	0	0	0	.	.	20.5	0/1	48	22	45	0.4888888888888889
chr10	93250999	A	G	snv	rs200036236	False	0.0	0.0	0.0	0.0	1	0	0	0	0	0	0	0	0	0	1	HECTD2	143279	missense_variant	p.M412V	c.1234A>G	MMMMM-MMMMMMMMMMMMMMMMMMMMMMMMMMMMMMMMMMMMMMMMMMMMMMMMMMMMMM-MMMMMMMMMMMMMMMMMMMMMMMI--MMMMMMMM-MMM-	HECT domain E3 ubiquitin protein ligase 2	HECT domain containing	8619474|9110174	0.99806	4.1108	0.13425	0.265	0.073			-1	1	20.3	67	NM_001284274.3;missense_variant;p.M416V;c.1246A>G|NM_001348365.2;missense_variant;p.M305V;c.913A>G|NM_182765.6;missense_variant;p.M412V;c.1234A>G|NR_024467.1;non_coding_transcript_intron_variant;;n.426+33786T>C	-20.3	67	.	.	.	.	.	.	.	.	.	.	.	.	.	.	0	0	0	0	0	0	0.06	0	0	.	.	20.3	0/1	47	22	49	0.4489795918367347
chr19	4254422	TGGA	T	indel	rs1309584953	False	0.0	0.0	0.0	0.0	1	0	0	0	0	0	0	0	0	0	1	YJU2	55702	disruptive_inframe_deletion	p.E118del	c.342_344del	E-EE-EEEE--EEEEEEEEEEEEE-EEEEEEEEEEEE-EEEEE-E----EEEEEEEEEEEEEEEEEEEEEEEEEEEEEEEEEEEEEEEEEEEEEEEEE-E	YJU2 splicing factor homolog		22952453	8.2518e-07	1.5231	0.67556	1.095	0.432			-1	1	19.94	68	NM_018074.6;disruptive_inframe_deletion;p.E118del;c.352_354delGAG	-19.94	68	.	.	.	.	.	.	.	.	.	.	.	.	.	.	.	.	.	.	.	.	.	.	.	.	.	.	0/1	47	20	34	0.5882352941176471
chr19	4254422	TGGA	T	indel	rs1309584953	False	0.0	0.0	0.0	0.0	1	0	0	0	0	0	0	0	0	0	1	YJU2	55702	disruptive_inframe_deletion	p.E118del	c.342_344del	L-LL-LLLL--LLLLLLLLLLLLL-LLLLLLLLLLLL-LLLLL-L----LLLLLLLLLLLLLLLLLLLLLLLLLLLLLLLLLIIMIILIIIIIIVIII-I	YJU2 splicing factor homolog		22952453	8.2518e-07	1.5231	0.67556	1.095	0.432			-1	1	19.94	68	NM_018074.6;disruptive_inframe_deletion;p.E118del;c.352_354delGAG	-19.94	68	.	.	.	.	.	.	.	.	.	.	.	.	.	.	.	.	.	.	.	.	.	.	.	.	.	.	0/1	47	20	34	0.5882352941176471
chr12	123444448	C	T	snv	rs749326199	False	2.472e-05	4.81498e-05	6.37349e-05	0.0	9	0	0	0	0	0	3	12	2	0	9	ABCB9	23457	missense_variant	p.R112Q	c.335G>A		ATP binding cassette subfamily B member 9	ATP binding cassette subfamily B	8894702	0.00025164	1.0126	0.39431	0.653	0.247			-1	1	19.87	69	NM_001243013.2;missense_variant;p.R112Q;c.335G>A|NM_001243014.2;missense_variant;p.R112Q;c.335G>A|NM_019624.4;missense_variant;p.R112Q;c.335G>A|NM_019625.4;missense_variant;p.R112Q;c.335G>A|NM_203444.4;missense_variant;p.R112Q;c.335G>A	-19.87	69	.	.	.	.	.	.	.	.	.	.	.	.	.	.	0	0	0	0	0	0	0.001	0	0	.	.	19.87	0/1	48	23	42	0.5476190476190477
chr15	75798194	T	C	snv	.	False	0.0	0.0	0.0	0.0	1	0	0	0	0	0	0	0	0	0	1	PTPN9	5780	missense_variant	p.I264V	c.790A>G	IIIII-IIIIIIIIIIIIIIIIIIIIIIIIIIIIIIIIIIIIIIIIIIIIIIIIIIIIIIILLLLLLLLLLLL-LLLLLLL-LLLL-L----LLLLLLL-	protein tyrosine phosphatase non-receptor type 9	Protein tyrosine phosphatases non-receptor type	1557404	0.10956	2.1018	0.25622	0.462	0.149			-1	1	19.79	70	NM_002833.4;missense_variant;p.I264V;c.790A>G	-19.79	70	.	.	.	.	.	.	.	.	.	.	.	.	.	.	0	0	0.02	0	0	0	-0.011	0	0	.	.	19.79	0/1	48	22	40	0.55
chr20	3140414	G	A	snv	rs1330478277	False	0.0	0.0	6.37227e-05	0.0	2	0	0	0	0	1	0	0	2	0	1	FASTKD5	60493	splice_region_variant;5_prime_UTR_exon_variant	p.=	c.-193C>T		FAST kinase domains 5	FASTK mitochondrial RNA binding family	11347906	3.5791e-08	0.55667	0.60535	0.919	0.409			-1	1	19.72	71	NM_001267584.2;splice_region_variant,5_prime_UTR_variant;p.?;c.-44C>T|NM_014948.4;splice_region_variant,5_prime_UTR_variant;p.?;c.-44C>T|NM_021826.5;splice_region_variant,5_prime_UTR_variant;p.?;c.-193C>T|NM_199415.3;splice_region_variant,5_prime_UTR_variant;p.?;c.-44C>T|NM_001282533.2;downstream_gene_variant;;|NM_001365618.1;downstream_gene_variant;;|NM_001367609.1;downstream_gene_variant;;|NM_001388189.1;downstream_gene_variant;;|NM_001388190.1;downstream_gene_variant;;|NM_001388191.1;downstream_gene_variant;;|NM_001388192.1;downstream_gene_variant;;|NM_001388193.1;downstream_gene_variant;;	-19.72	71	.	.	.	.	.	.	.	.	.	.	.	.	.	.	0	0	0	0.01	0	0	-0.156	-1.539	0	0.52565	0.378	19.72	0/1	48	27	56	0.48214285714285715
chr20	3140414	G	A	snv	rs1330478277	False	0.0	0.0	6.37227e-05	0.0	2	0	0	0	0	1	0	0	2	0	1	UBOX5	22888	splice_region_variant;5_prime_UTR_exon_variant	p.=	c.-44C>T		U-box domain containing 5	Ring finger proteins|U-box domain containing	11274149	0.00072138	0.92691	0.45638	0.823	0.267			-1	1	19.72	71	NM_001267584.2;splice_region_variant,5_prime_UTR_variant;p.?;c.-44C>T|NM_014948.4;splice_region_variant,5_prime_UTR_variant;p.?;c.-44C>T|NM_021826.5;splice_region_variant,5_prime_UTR_variant;p.?;c.-193C>T|NM_199415.3;splice_region_variant,5_prime_UTR_variant;p.?;c.-44C>T|NM_001282533.2;downstream_gene_variant;;|NM_001365618.1;downstream_gene_variant;;|NM_001367609.1;downstream_gene_variant;;|NM_001388189.1;downstream_gene_variant;;|NM_001388190.1;downstream_gene_variant;;|NM_001388191.1;downstream_gene_variant;;|NM_001388192.1;downstream_gene_variant;;|NM_001388193.1;downstream_gene_variant;;	-19.72	71	.	.	.	.	.	.	.	.	.	.	.	.	.	.	0	0	0	0.01	0	0	-0.156	-1.539	0	0.52565	0.378	19.72	0/1	48	27	56	0.48214285714285715
chr17	34171711	G	A	snv	rs181978759	False	2.49e-05	1.67412e-05	3.18918e-05	0.0	1	0	0	0	0	0	1	4	1	0	1	TAF15	8148	missense_variant	p.G467S	c.1399G>A	GGGGGGGGGGGGGSGGG-G-G-GGGGGGGGGGGGGGGGGGGGGGG--G-GGGGGGGGGGGGGGG--RRG-------G-----DG-R-IRRRRN-RFD--G	TATA-box binding protein associated factor 15	Zinc fingers RANBP2-type |RNA binding motif containing	8954779|9795213	.	.	.	.	.			-1	1	19.68	73	NM_003487.4;missense_variant;p.G467S;c.1399G>A|NM_139215.3;missense_variant;p.G470S;c.1408G>A	-19.68	73	.	.	.	.	.	.	.	.	.	.	.	.	.	.	0	0	0	0	0	0	-0.027	0	0	.	.	19.68	0/1	47	17	38	0.4473684210526316
chr2	131414588	C	A	snv	rs571300772	False	4.211e-05	4.09266e-05	0.0	0.0	5	0	0	0	0	1	5	10	0	0	4	POTEJ	653781	missense_variant	p.T752N	c.2255C>A	TTT-----T-------------------------------------------------TTT-TTTTTTTTTTTTTTTTTTTTTTTTTTTTTTTTTTTTTT	POTE ankyrin domain family member J	POTE ankyrin domain containing	16364570	2.0619e-08	-2.3055	0.85764	1.363	0.557			-1	1	19.53	74	NM_001277083.2;missense_variant;p.T752N;c.2255C>A	-19.53	74	.	.	.	.	.	.	.	.	.	.	.	.	.	.	0	0	0	0	0	0	0.012	0	0	.	.	19.53	0/1	29	16	42	0.38095238095238093
chr14	24780862	C	T	snv	rs756869639	False	1.649e-05	2.81298e-05	3.18512e-05	0.0	1	0	0	0	0	0	2	7	1	0	1	LTB4R2	56413	missense_variant	p.P331L	c.992C>T	PPPPPPPPPPPPLPPPPPPPPPPPPPPT-TTPPPPSPPPPPPPPPPPPPPPPPPPPPPRRRP-V-A------A---DTT-----S-------PLRR----	leukotriene B4 receptor 2	Leukotriene receptors	11006272|10934229	0.00043854	-0.29559	0.71431	1.4	0.39			-1	1	19.14	75	NM_001164692.3;missense_variant;p.P331L;c.992C>T|NM_019839.5;missense_variant;p.P331L;c.992C>T|NM_001143919.3;5_prime_UTR_variant;p.?;c.-164C>T|NM_001286367.2;downstream_gene_variant;;|NM_001318807.2;upstream_gene_variant;;|NM_014430.3;upstream_gene_variant;;|NM_174913.3;downstream_gene_variant;;|NM_181657.3;upstream_gene_variant;;	-19.14	75	.	.	.	.	.	.	.	.	.	.	.	.	.	.	0	0	0.05	0	0	0	0.006	0	0	.	.	19.14	0/1	46	25	59	0.423728813559322
chr3	93803124	G	A	snv	rs544261710	False	4.942e-05	4.3755e-05	9.55475e-05	0.0	2	0	0	0	0	0	6	11	3	0	2	NSUN3	63899	missense_variant	p.R99Q	c.296G>A	RRRRRRRRRRRRRRRRRRRRRQRRRRRRRRRRRRRRRRRRRRRRRRRRRRRRRRRRRQRRRRRRRRRRRRRRRRRRRRRRRRKRRRRRRRRRRRRRRRRR	NOP2/Sun RNA methyltransferase 3	NOP2/Sun RNA methyltransferase family	27356879|27214402	9.0405e-09	0.30608	0.82494	1.289	0.544			-1	1	17.86	76	NM_022072.5;missense_variant;p.R99Q;c.296G>A	-17.86	76	.	.	.	.	.	.	.	.	.	.	.	.	.	.	0	0	0	0	0	0	-0.059	0	0	.	.	17.86	0/1	48	27	53	0.5094339622641509
chr20	30385220	T	A	snv	.	False	0.0	0.0	0.0	0.0	1	0	0	0	0	0	0	0	0	0	1	TPX2	22974	missense_variant	p.L616Q	c.1847T>A	LLLLLLLLLLLLLLLQLLQQLLL-LLLLLLLLLLLLLLLLLLLLLLLLLQLLLLLLLLLLLLLLLLLMLLLLLLLLLLLLLMHF----Q-QQQQ--LLL-	TPX2 microtubule nucleation factor		9207457|10393424	0.99981	0.49021	0.094866	0.217	0.046			-1	1	17.42	77	NM_012112.5;missense_variant;p.L616Q;c.1847T>A	-17.42	77	.	.	.	.	.	.	.	.	.	.	.	.	.	.	0	0.01	0	0	0	0	-0.026	0	0	.	.	17.42	0/1	46	17	42	0.40476190476190477
chr11	8123034	G	A	snv	rs200511292	True	5.765e-05	6.36461e-05	6.37064e-05	0.0	4	0	0	0	0	0	7	16	2	0	4	TUB	7275	splice_region_variant;synonymous_variant	p.=	c.1554G>A	PPPPPPPPPPPPPPPPPPPPPPPPPPPPPPPPPPPPPPPPPPPPPPPPPPPPPPPPP-PPPPPPPPPPPPPPPPPPPPPPPPPPPPPPPPPPPPPQPPPP	TUB bipartite transcription factor		8612280|28154160	0.0031466	0.47027	0.3306	0.561	0.203	uncertain significance	single submitter, criteria provided	-1	1	17.21	78	NM_003320.5;splice_region_variant,synonymous_variant;p.P518=;c.1554G>A|NM_177972.3;splice_region_variant,synonymous_variant;p.P463=;c.1389G>A|NM_001135109.4;downstream_gene_variant;;|NM_001206671.4;downstream_gene_variant;;|NM_001206672.4;downstream_gene_variant;;|NM_001346690.2;downstream_gene_variant;;|NM_001346691.2;downstream_gene_variant;;|NM_001346692.2;downstream_gene_variant;;|NM_001346693.2;downstream_gene_variant;;|NM_001346694.2;downstream_gene_variant;;|NM_024557.6;downstream_gene_variant;;	-17.21	78	.	.	.	.	.	.	.	.	.	.	.	.	.	.	0.93	0	0	0	0	-0.558	-0.035	0	0	0.00849	0.09	16.65	0/1	46	20	32	0.625
chr5	68411964	A	G	snv	rs752994140	False	8.236e-06	0.0	0.0	0.0	3	0	0	0	0	0	1	0	0	0	3	SLC30A5	64924	missense_variant	p.N332S	c.995A>G	NNNNNNNNNNNNNNNNNNNNNNNSSSNNNNNDDDDNNNNNNNNNNNNNNNNNNNNNNNNN-DNNNNNNNNNNNNNNNNNNNSNNSSSSSSSSS-SRSSSE	solute carrier family 30 member 5	Solute carriers	11937503|11904301	0.068068	2.0147	0.26286	0.459	0.157			-1	1	16.99	79	NM_022902.5;missense_variant;p.N332S;c.995A>G	-16.99	79	.	.	.	.	.	.	.	.	.	.	.	.	.	.	0	0	0	0	0	0	-0.017	0	0	.	.	16.99	0/1	44	16	42	0.38095238095238093
chr16	81819691	T	C	snv	rs773040139	True	2.48e-05	2.00346e-05	0.000127413	0.0	2	0	0	0	0	0	3	5	4	0	2	PLCG2	5336	missense_variant	p.F33L	c.97T>C	FFFFFFFFFFFFFFFAAAAAFFFFFFFSSFFFFFFFFFFFFFFF-FFFFAFFFSFFFFLLLLLLLLLL-LLLLLIILLLLLLYL----------------	phospholipase C gamma 2	Phospholipases|SH2 domain containing|C2 domain containing phospholipases	7835906	0.99562	0.81508	0.18249	0.281	0.121	uncertain significance	single submitter, criteria provided	-1	1	16.67	80	NM_002661.5;missense_variant;p.F33L;c.97T>C	-16.67	80	.	.	.	.	.	.	.	.	.	.	.	.	.	.	0	0	0	0	0	0	0.025	0	0	.	.	16.67	0/1	48	23	51	0.45098039215686275
chr11	36522945	T	C	snv	.	False	0.0	0.0	0.0	0.0	1	0	0	0	0	0	0	0	0	0	1	TRAF6	7189	missense_variant	p.S41G	c.121A>G	SSSSSSSSSSSSSSSSSSSSSSSSSSSSSSSSSSSSSSSSSGGSSSSSSSSSSSSSSSIVINGGGS-A-AGGGGGGGGGGGEGA---S--------S---	TNF receptor associated factor 6	Ring finger proteins|TNF receptor associated factors	8837778	0.99739	2.7157	0.045755	0.217	0.015			-1	1	16.4	81	NM_004620.4;missense_variant;p.S41G;c.121A>G|NM_145803.3;missense_variant;p.S41G;c.121A>G	-16.4	81	.	.	.	.	.	.	.	.	.	.	.	.	.	.	0	0	0	0	0	0	0.01	0	0	.	.	16.4	0/1	48	21	46	0.45652173913043476
chr8	142199242	C	G	snv	rs202027868	False	0.0	1.59379e-05	0.0	0.0	2	0	0	0	0	0	0	4	0	0	2	DENND3	22898	missense_variant	p.P1001R	c.3002C>G	PPPPPPPAPPPPAPCPPPPPPPPPPPPPPPPPPPPPPPPPPPPPPP-PP--PPPPPPPSSSSPPPPPPPP--PPPPPSSCCS-S---N--------FY--	DENN domain containing 3	WD repeat domain containing|DENN domain containing	28249939	1.3007e-11	2.3654	0.48282	0.662	0.357			-1	1	16.39	82	NM_001352890.3;missense_variant;p.P1081R;c.3242C>G|NM_001362798.2;missense_variant;p.P1081R;c.3242C>G|NM_014957.5;missense_variant;p.P1014R;c.3041C>G	-16.39	82	.	.	.	.	.	.	.	.	.	.	.	.	.	.	0	0	0	0	0	0	0.031	0.479	0	.	.	16.39	0/1	48	29	52	0.5576923076923077
chr12	120750288	C	G	snv	rs199635993	False	0.0	0.0	0.0	0.0	1	0	0	0	0	0	0	0	0	0	1	SIRT4	23409	missense_variant	p.T176S	c.527C>G	TTTTTTTTTTTTTTTTTTTTTTTTTTTTTTTTTTTTTIIIIIITTT-TTTITTTTTTT-T-TIIIIIIIIIMITTTTTTTITTTSSSSSSSSTTSSTT--	sirtuin 4	Sirtuins	10381378	6.8625e-10	1.0143	1.1674	1.773	0.756			-1	1	15.94	83	NM_001385733.1;missense_variant;p.T176S;c.527C>G|NM_001385734.1;missense_variant;p.T85S;c.254C>G|NM_001385735.1;missense_variant;p.T85S;c.254C>G|NM_012240.3;missense_variant;p.T176S;c.527C>G	-15.94	83	.	.	.	.	.	.	.	.	.	.	.	.	.	.	0	0.01	0	0	0	0	-0.033	0	0	.	.	15.94	0/1	48	23	43	0.5348837209302325
chr18	43523123	T	C	snv	rs368879665	False	3.31e-05	3.20688e-05	6.3674e-05	0.0	3	0	0	0	0	0	4	8	2	0	3	EPG5	57724	splice_region_variant;coding_transcript_intron_variant	p.?	c.1943+4A>G		ectopic P-granules autophagy protein 5 homolog		20550938|23222957	1.3508e-13	1.0796	0.3583	0.456	0.283			-1	1	15.7	84	NM_020964.3;intron_variant;p.?;c.1943+4A>G	-15.7	84	.	.	.	.	.	.	.	.	.	.	.	.	.	.	0	0	0.04	0.02	0	0	0	-1.048	0	0.8996	0.534	16.08	0/1	38	12	38	0.3157894736842105
chr19	4513088	G	A	snv	rs542384152	False	0.0	0.0	0.0	0.0	13	0	0	0	0	7	0	0	0	0	6	PLIN4	729359	missense_variant	p.T281I	c.842C>T	TTT-STTTTTTTATS-SASSKAST-ATATTTTTTT-ATATTA-ATTT-TANTTLKNTTKSSAGG-H--T-------L-----A-----------------	perilipin 4	Perilipins	11572484|19638644	5.578e-16	-1.6767	1.1223	1.597	0.801			-1	1	15.36	85	NM_001367868.2;missense_variant;p.T295I;c.884C>T	-15.36	85	.	.	.	.	.	.	.	.	.	.	.	.	.	.	0	0	0	0	0	0	-0.002	0	0	.	.	15.36	0/1	27	6	24	0.25
chr19	4513094	C	G	snv	rs12327801	False	0.0	0.0	0.0	0.0	19	0	0	0	0	7	0	0	0	0	12	PLIN4	729359	missense_variant	p.S279T	c.836G>C	SSS-TTTTTTTSSTT-TTTSISTT-STWRTTTTTT-SSSTSS-SSAT-SSTTTTSTTTTSSSNI-S--S-------S-----A-----------------	perilipin 4	Perilipins	11572484|19638644	5.578e-16	-1.6767	1.1223	1.597	0.801			-1	1	0.002	85	NM_001367868.2;missense_variant;p.S293T;c.878G>C	-0.002	85	.	.	.	.	.	.	.	.	.	.	.	.	.	.	0	0	0	0	0	0	0.002	0	0	.	.	0.002	0/1	26	6	25	0.24
chrX	153763423	C	T	snv	rs782669677	False	1.647e-05	0.0	0.0	0.0	1	0	0	0	0	0	0	0	0	0	1	G6PD	2539	missense_variant	p.A179T	c.535G>A	AAAAAAAAAAAAAAAAAAAAAAAAAAAAAAAAAAAAAAAAAAAAAAAAAAAAAAAAAAAAAP--P-P-P-------DHHDDHDDQSQHDHDHDDHHDDDS	glucose-6-phosphate dehydrogenase		3012556|2428611	0.97158	2.0008	0.10095	0.318	0.04			-1	1	15.24	86	NM_000402.4;missense_variant;p.A179T;c.535G>A|NM_001042351.3;missense_variant;p.A149T;c.445G>A|NM_001360016.2;missense_variant;p.A149T;c.445G>A	-15.24	86	.	.	.	.	.	.	.	.	.	.	.	.	.	.	0	0	0	0	0	0	0.02	0	0	.	.	15.24	0/1	48	21	42	0.5
chr14	105715318	CCCCGCGCCAGCGCCGCCGCCG	C	indel	rs887225744	False	0.0	0.0	4.13633e-05	0.0	1	0	0	0	0	0	0	0	1	0	1	BTBD6	90135	inframe_deletion	p.P44_P50del	c.112_132del		BTB domain containing 6	BTB domain containing		3.7117e-06	0.8224	0.64203	1.063	0.403			-1	1	15.22	87	NM_001387567.1;disruptive_inframe_deletion;p.P97_P103del;c.279_299delAGCGCCGCCGCCGCCCGCGCC|NM_033271.3;disruptive_inframe_deletion;p.P44_P50del;c.120_140delAGCGCCGCCGCCGCCCGCGCC|NM_001242786.2;intron_variant;p.?;c.199+3505_199+3525delCGGCGGCGGCGCTGGCGCGGG|NM_001242787.2;intron_variant;p.?;c.199+3505_199+3525delCGGCGGCGGCGCTGGCGCGGG|NM_001242788.2;intron_variant;p.?;c.463+3505_463+3525delCGGCGGCGGCGCTGGCGCGGG|NM_001242789.2;5_prime_UTR_variant,intron_variant;p.?;c.-21+147_-21+167delCGGCGGCGGCGCTGGCGCGGG|NM_001519.4;intron_variant;p.?;c.544+3505_544+3525delCGGCGGCGGCGCTGGCGCGGG|NM_145685.3;upstream_gene_variant;;	-15.22	87	.	.	.	.	.	.	.	.	.	.	.	.	.	.	.	.	.	.	.	.	.	.	.	.	.	.	0/1	29	19	25	0.76
chr6	26545550	C	T	snv	.	False	0.0	0.0	0.0	0.0	2	0	0	0	0	0	0	0	0	0	2	HMGN4	10473	missense_variant	p.P39L	c.116C>T	PPPPPPPPPPPP--S---T-PPPP--PPPPPPPPPPPAPPPPPPP--PPPPPPPPPPPPP--PPPPPPPPPPPPPPAPPPPPP-----------------	high mobility group nucleosomal binding domain 4	Canonical high mobility group	9149941|11410162	0.31986	0.27372	0.0	1.857	0.0			-1	1	15.04	88	NM_006353.3;missense_variant;p.P39L;c.116C>T	-15.04	88	.	.	.	.	.	.	.	.	.	.	.	.	.	.	0	0	0	0	0	0	-0.006	0	0	.	.	15.04	0/1	48	18	35	0.5142857142857142
chr21	40667834	G	A	snv	rs370833585	False	9.06e-05	7.12086e-05	3.19183e-05	0.0	4	0	0	0	0	0	5	16	1	0	4	BRWD1	54014	splice_region_variant;coding_transcript_intron_variant	p.?	c.449-5C>T		bromodomain and WD repeat domain containing 1	WD repeat domain containing|DDB1 and CUL4 associated factors|Bromodomain containing		1.0	2.8458	0.14816	0.222	0.1			-1	1	14.75	89	NM_018963.5;splice_region_variant,intron_variant;p.?;c.449-5C>T|NM_033656.4;splice_region_variant,intron_variant;p.?;c.449-5C>T|NM_001007246.3;downstream_gene_variant;;	-14.75	89	.	.	.	.	.	.	.	.	.	.	.	.	.	.	0	0	0	0	0	0.621	0	0	0	0.00111	0.03	14.75	0/1	48	30	56	0.5357142857142857
chr3	44871546	A	C	snv	rs766129439	False	2.471e-05	1.71296e-05	0.0	0.0	1	0	0	0	0	0	3	4	0	0	1	KIF15	56992	missense_variant	p.K1009N	c.3027A>C	KKKKKKKKKKKEQKRRKKKKKRRRRREKKRRRRRRKKKKKKSNKKKKKKKKKNKKKKKTTTK-----T-------TTTTSTTTT--------------S-	kinesin family member 15	Kinesins	10878014	9.5235e-25	1.5672	0.62682	0.79	0.501			-1	1	14.28	90	NM_020242.3;missense_variant;p.K1009N;c.3027A>C	-14.28	90	.	.	.	.	.	.	.	.	.	.	.	.	.	.	0	0	0	0	0	0	-0.037	0	0	.	.	14.28	0/1	48	21	41	0.5121951219512195
chrX	130678238	G	A	snv	rs376878717	True	7.413e-05	5.45512e-05	0.0002283	0.0	5	0	0	0	0	0	1	4	4	0	2	OR13H1	347468	missense_variant	p.S64N	c.191G>A	SS-SSSSSSSSSSS-SSN--SSSSSSSSSSSSSSSSSTTTTTTNNSSSS--SSSSSSSGGG-SSGGGLGTGCSGQSSRSSSGCA-C-F----QCFFLHW-	olfactory receptor family 13 subfamily H member 1	Olfactory receptors, family 13		2.5456e-05	-0.13429	1.4037	1.92	0.718	likely benign	single submitter, no assertion criteria provided	-1	1	14.25	91	NM_001004486.1;missense_variant;p.S64N;c.191G>A	-14.25	91	.	.	.	.	.	.	.	.	.	.	.	.	.	.	0.02	0	0	0	0	0	0.001	0	0	.	.	14.25	0/1	40	35	53	0.660377358490566
chr17	73820422	C	T	snv	rs373788530	False	1.655e-05	6.90638e-05	3.18878e-05	0.0	1	0	0	0	0	0	2	16	1	0	1	UNK	85451	missense_variant	p.A786V	c.2357C>T	AAAAAAAAAAAVV-VVVVVVVVVVVVVVVVVVVVVVVVVVVVVVV-VVVVVVVVVVVVVVV-VVVVVVVVVVVVVVVVVVVVVVLV-L----LLLVLVA-	unk zinc finger	Zinc fingers CCCH-type	26641712	0.99994	3.7206	0.073458	0.19	0.032			-1	1	13.98	92	NM_001080419.3;missense_variant;p.A786V;c.2357C>T|NM_199242.3;downstream_gene_variant;;	-13.98	92	.	.	.	.	.	.	.	.	.	.	.	.	.	.	0	0	0	0	0	0	-0.006	0	0	.	.	13.98	0/1	46	23	37	0.6216216216216216
chr19	1462181	G	GCCGCCC	indel	.	False	0.0	0.0	0.0	0.0	1	0	0	0	0	0	0	0	0	0	1	APC2	10297	splice_region_variant;coding_transcript_intron_variant	p.?	c.1853+5_1853+6insCCGCCC		APC regulator of WNT signaling pathway 2	Armadillo repeat containing	9823329|10021369	0.99994	0.75411	0.11972	0.225	0.067			-1	1	13.88	93	NM_001351273.1;splice_region_variant,intron_variant;p.?;c.1850+5_1850+6insCCGCCC|NM_005883.3;splice_region_variant,intron_variant;p.?;c.1853+5_1853+6insCCGCCC	-13.88	93	.	.	.	.	.	.	.	.	.	.	.	.	.	.	.	.	.	.	.	.	.	.	.	.	.	.	0/1	11	6	21	0.2857142857142857
chr17	26681597	G	T	snv	.	False	0.0	0.0	0.0	0.0	1	0	0	0	0	0	0	0	0	0	1	POLDIP2	26073	missense_variant	p.I86K	c.257T>A		DNA polymerase delta interacting protein 2		12522211	0.41407	1.9439	0.22056	0.464	0.114			-1	1	13.86	94	NM_015584.5;missense_variant;p.S86R;c.258C>A|NM_001290145.2;intron_variant;p.?;c.244-40C>A|NM_152464.3;upstream_gene_variant;;	-13.86	94	.	.	.	.	.	.	.	.	.	.	.	.	.	.	0.02	0	0	0	0	0	0.095	0	0	.	.	13.86	0/1	46	20	49	0.40816326530612246
chr9	97087572	G	A	snv	rs765043135	False	9.797e-06	7.60392e-05	0.0	0.0	2	0	0	0	0	1	1	9	0	0	1	NUTM2F	54754	missense_variant	p.R221W	c.661C>T		NUT family member 2F			4.2727e-09	-0.4078	0.79366	1.222	0.53			-1	1	13.27	95	NM_017561.2;missense_variant;p.R221W;c.661C>T	-13.27	95	.	.	.	.	.	.	.	.	.	.	.	.	.	.	0	0	0	0	0	0	0.006	0	0	.	.	13.27	0/1	13	21	27	0.7777777777777778
chrX	153780368	C	T	snv	rs377406996	False	0.0001401	7.0048e-05	4.60363e-05	0.0	8	0	0	0	0	0	5	7	1	0	7	IKBKG	8517	missense_variant	p.L119F	c.355C>T		inhibitor of nuclear factor kappa B kinase regulatory subunit gamma	Zinc fingers C2HC-type|IKK complex	9751060|10087442|11590134|11242109	.	.	.	.	.			-1	1	12.5	96	NM_001099856.6;missense_variant;p.L119F;c.355C>T|NM_001099857.5;missense_variant;p.L51F;c.151C>T|NM_001145255.4;missense_variant;p.L51F;c.151C>T|NM_001321396.3;missense_variant;p.L51F;c.151C>T|NM_001321397.3;missense_variant;p.L51F;c.151C>T|NM_001377312.1;missense_variant;p.L51F;c.151C>T|NM_001377313.1;missense_variant;p.L51F;c.151C>T|NM_001377314.1;missense_variant;p.L51F;c.151C>T|NM_001377315.1;missense_variant;p.L51F;c.151C>T|NM_003639.4;missense_variant;p.L51F;c.151C>T|NM_001042351.3;upstream_gene_variant;;	-12.5	96	.	.	.	.	.	.	.	.	.	.	.	.	.	.	0	0	0	0	0	0	0.072	0	0	.	.	12.5	0/1	47	25	42	0.5952380952380952
chr5	38876299	T	G	snv	rs199939252	False	3.295e-05	2.78902e-05	0.0	0.0	10	0	0	0	0	0	4	7	0	0	10	OSMR	9180	splice_region_variant;coding_transcript_intron_variant	p.?	c.74-4T>G		oncostatin M receptor	Fibronectin type III domain containing	8999038	9.2144e-18	0.11315	0.70891	0.944	0.538			-1	1	11.74	97	NM_001168355.3;intron_variant;p.?;c.74-4T>G|NM_001323504.2;intron_variant;p.?;c.74-4T>G|NM_001323505.2;intron_variant;p.?;c.74-4T>G|NM_001323506.2;intron_variant;p.?;c.74-4T>G|NM_001323507.2;intron_variant;p.?;c.74-4T>G|NM_003999.3;intron_variant;p.?;c.74-4T>G	-11.74	97	.	.	.	.	.	.	.	.	.	.	.	.	.	.	0	0	0	0	0	-0.124	0	0	0	6e-05	0	11.74	0/1	35	21	63	0.3333333333333333
chr1	211654609	G	A	snv	rs140156866	False	4.942e-05	3.58012e-05	3.18431e-05	0.0	6	0	0	0	0	0	3	9	1	0	6	RD3	343035	missense_variant	p.A50V	c.149C>T	AAAAAAAAAVVATSSAAAAAA-AAAAAAAAAAAA-AA-AATAAAAAAA---TAVATSVEE-KEEEEEEEEEEEEEEEEEEEEEEEE-EEEEEEEEEEQE-	RD3 regulator of GUCY2D		12914764|21928830|30559291	2.5702e-05	0.60844	0.97863	1.726	0.552			-1	1	11.3	98	NM_001164688.2;missense_variant;p.A50V;c.149C>T|NM_183059.3;missense_variant;p.A50V;c.149C>T	-11.3	98	.	.	.	.	.	.	.	.	.	.	.	.	.	.	0	0	0	0	0	0	-0.046	0	0	.	.	11.3	0/1	48	25	52	0.4807692307692308
chr15	31198093	G	C	snv	rs866101912	False	0.0	2.82165e-05	3.18492e-05	0.0	9	0	0	0	0	0	0	7	1	0	9	FAN1	22909	missense_variant	p.Q409H	c.1227G>C	QQQQQQQQQQQQRQQQQQQQQQQQQDQQQ-QQQQQQQQQQQQQQQQQQQQRQQRQNHQKKKQKKKKKKKKKKKQQQQQQQQREQKK-NNNNNKSK-QQH-	FANCD2 and FANCI associated nuclease 1		20603015|20603016|20603073	1.6512e-25	-0.04736	0.86368	1.117	0.674			-1	1	11.08	99	NM_001146094.2;missense_variant;p.Q409H;c.1227G>C|NM_001146095.1;missense_variant;p.Q409H;c.1227G>C|NM_001146096.2;missense_variant;p.Q409H;c.1227G>C|NM_014967.5;missense_variant;p.Q409H;c.1227G>C	-11.08	99	.	.	.	.	.	.	.	.	.	.	.	.	.	.	0	0	0	0	0	0	0.003	0	0	.	.	11.08	0/1	47	20	46	0.43478260869565216
chr17	79770492	G	A	snv	rs371777245	False	0.0	0.0	3.19081e-05	0.0	1	0	0	0	0	0	0	0	1	0	1	GCGR	2642	missense_variant	p.V330M	c.988G>A	VVVVVVVVVVVVVIVVVVVVVVVV-V-VVVVVVVVLVVMTAMMV----MVVMLMVVV-VIV-VVVVVVVVVVVIVIVVVVVVVVMMMMVVMMVMMMIIVT	glucagon receptor	Glucagon receptor family	8020989	2.2154e-06	1.6628	0.53897	0.857	0.35			-1	1	11.06	100	NM_000160.5;missense_variant;p.V330M;c.988G>A	-11.06	100	.	.	.	.	.	.	.	.	.	.	.	.	.	.	0	0	0	0	0	0	0.011	0	0	.	.	11.06	0/1	48	18	40	0.45
chr17	66247318	T	C	snv	.	False	0.0	0.0	0.0	0.0	1	0	0	0	0	0	0	0	0	0	1	AMZ2	51321	splice_region_variant;synonymous_variant	p.=	c.585T>C	DDDDDDD-DDD-DDEDDDSSDDDDDDDDDDDEEEEDDDDDDDDDDDDDD-DDDDEDDDK-E--------------EEEEEEEEEK--EQEEE-D--HEK-	archaelysin family metallopeptidase 2	M54 metallopeptidase family	15972818	2.0652e-09	0.21833	0.92596	1.445	0.61			-1	1	10.99	101	NM_001033569.2;splice_region_variant,synonymous_variant;p.D195=;c.585T>C|NM_001033570.2;splice_region_variant,synonymous_variant;p.D195=;c.585T>C|NM_001033571.1;splice_region_variant,synonymous_variant;p.D195=;c.585T>C|NM_001033572.1;splice_region_variant,synonymous_variant;p.D195=;c.585T>C|NM_001033574.2;splice_region_variant,synonymous_variant;p.D137=;c.411T>C|NM_001289054.2;splice_region_variant,synonymous_variant;p.D195=;c.585T>C|NM_001289056.2;splice_region_variant,synonymous_variant;p.D195=;c.585T>C|NM_001346471.1;splice_region_variant,synonymous_variant;p.D195=;c.585T>C|NM_001346472.1;splice_region_variant,synonymous_variant;p.D195=;c.585T>C|NM_001346473.1;splice_region_variant,synonymous_variant;p.D195=;c.585T>C|NM_001346474.2;splice_region_variant,synonymous_variant;p.D195=;c.585T>C|NM_001346475.2;splice_region_variant,synonymous_variant;p.D195=;c.585T>C|NM_001346476.2;splice_region_variant,synonymous_variant;p.D195=;c.585T>C|NM_001346477.2;splice_region_variant,synonymous_variant;p.D195=;c.585T>C|NM_001346478.2;splice_region_variant,synonymous_variant;p.D195=;c.585T>C|NM_001346479.2;splice_region_variant,synonymous_variant;p.D195=;c.585T>C|NM_001346480.1;splice_region_variant,synonymous_variant;p.D137=;c.411T>C|NM_001346481.1;splice_region_variant,synonymous_variant;p.D161=;c.483T>C|NM_001346482.1;splice_region_variant,synonymous_variant;p.D161=;c.483T>C|NM_001346483.2;splice_region_variant,synonymous_variant;p.D161=;c.483T>C|NM_001346484.2;splice_region_variant,synonymous_variant;p.D161=;c.483T>C|NM_001346485.2;splice_region_variant,synonymous_variant;p.D139=;c.417T>C|NM_016627.5;splice_region_variant,synonymous_variant;p.D195=;c.585T>C	-10.99	101	.	.	.	.	.	.	.	.	.	.	.	.	.	.	0	0	0	0	0	0	0.011	1.367	0	0.00071	0.138	10.99	0/1	46	27	52	0.5192307692307693
chr15	89398700	G	A	snv	rs1897033888	False	0.0	0.0	0.0	0.0	1	0	0	0	0	0	0	0	0	0	1	ACAN	176	missense_variant	p.V962I	c.2884G>A	VVV-VVVVVVVSVVAMTTI-VVV-I-GGGDDDDDDDGGGG-GGG-DDDIGGGGGG-GGVVV---------------------------------------	aggrecan	Hyalectan proteoglycans|V-set domain containing|Sushi domain containing|C-type lectin domain containing	1985970	1.0	0.20716	0.097582	0.183	0.054			-1	1	10.53	102	NM_001135.4;missense_variant;p.V962I;c.2884G>A|NM_001369268.1;missense_variant;p.V962I;c.2884G>A|NM_013227.4;missense_variant;p.V962I;c.2884G>A	-10.53	102	False	False	False	False	True	False	False	False	empty	empty	empty	negative	negative	.	0	0	0	0	0	0	-0.002	0	0	.	.	10.53	0/1	48	29	61	0.47540983606557374
chr10	126463357	G	C	snv	rs1348304671	False	0.0	0.0	0.0	0.0	3	0	0	0	0	0	0	0	0	0	3	EEF1AKMT2	399818	splice_region_variant;coding_transcript_intron_variant	p.?	c.292-6C>G		EEF1A lysine methyltransferase 2	7BS protein lysine methyltransferases	25144183	2.254e-07	0.25346	0.77361	1.253	0.495			-1	1	9.717	103	NM_001304467.2;splice_region_variant,intron_variant;p.?;c.58-6C>G|NM_001304468.2;splice_region_variant,intron_variant;p.?;c.58-6C>G|NM_212554.4;splice_region_variant,intron_variant;p.?;c.292-6C>G	-9.717	103	.	.	.	.	.	.	.	.	.	.	.	.	.	.	0	0.17	0	0	0	-1.366	0	0	0	0.00052	0.13	9.717	0/1	39	44	67	0.6567164179104478
chr11	73555894	T	A	snv	rs199741536	False	6.623e-05	6.02574e-05	6.36983e-05	0.0	3	0	0	0	0	0	2	15	2	0	3	MRPL48	51642	missense_variant	p.L82M	c.244T>A	LLLLLLLLLL-LLL-LVLVVLLLLL-LLLLLLVLLLLLLLLLLLLLLLLMLLLLVLLLHQR-VV---A-------VHAAVVPA--AA------F-GEAS-	mitochondrial ribosomal protein L48	Mitochondrial ribosomal proteins|Large subunit mitochondrial ribosomal proteins	10810093	0.004333	0.94273	0.4428	0.874	0.241			-1	1	9.364	104	NM_001318498.2;missense_variant;p.L64M;c.190T>A|NM_001318499.2;missense_variant;p.L123M;c.367T>A|NM_016055.6;missense_variant;p.L82M;c.244T>A|NM_001318500.2;intron_variant;p.?;c.202-18323T>A	-9.364	104	.	.	.	.	.	.	.	.	.	.	.	.	.	.	0	0	0	0	0	0	0.047	0	0	.	.	9.364	0/1	42	19	51	0.37254901960784315
chrX	119053871	T	C	snv	rs201292589	False	2.471e-05	2.18929e-05	4.58106e-05	0.0	1	0	0	0	0	0	1	4	1	0	1	AKAP14	158798	splice_region_variant;coding_transcript_intron_variant	p.?	c.262-3T>C		A-kinase anchoring protein 14	A-kinase anchoring proteins	12475942	0.65829	0.66976	0.12899	0.612	0.045			-1	1	9.275	105	NM_001008534.2;intron_variant;p.?;c.262-3T>C|NM_024528.4;downstream_gene_variant;;|NM_178813.6;intron_variant;p.?;c.442-3T>C	-9.275	105	.	.	.	.	.	.	.	.	.	.	.	.	.	.	0	0	0.01	0	0	0.701	0	0	0	0.00012	0.02	9.275	0/1	45	34	55	0.6181818181818182
chr22	36877604	C	A	snv	rs908450064	False	0.0	0.0	3.19244e-05	0.0	1	0	0	0	0	0	0	0	1	0	1	TXN2	25828	splice_region_variant;5_prime_UTR_intron_variant	p.=	c.-1+7G>T		thioredoxin 2		9006939|17220299	2.5584e-05	0.61479	0.97949	1.727	0.553			-1	1	8.832	106	NM_012473.4;5_prime_UTR_variant,intron_variant;p.?;c.-1+7G>T	-8.832	106	.	.	.	.	.	.	.	.	.	.	.	.	.	.	0	0	0	0.05	0	0	0	-0.274	0.047	0.00012	0.016	8.832	0/1	48	28	51	0.5490196078431373
chr4	85731502	A	G	snv	rs376150569	False	6.629e-05	5.77741e-05	0.0	0.0	2	0	0	0	0	0	1	10	0	0	2	WDFY3	23001	splice_region_variant;coding_transcript_intron_variant	p.?	c.1888-5T>C		WD repeat and FYVE domain containing 3	Zinc fingers FYVE-type|WD repeat domain containing|BEACH domain containing |Armadillo like helical domain containing	10231032	1.0	5.8174	0.03799	0.071	0.021			-1	1	7.16	107	NM_014991.6;splice_region_variant,intron_variant;p.?;c.1888-5T>C|NR_046707.1;non_coding_transcript_exon_variant;;n.539A>G	-7.16	107	True	False	False	False	True	False	False	False	empty	empty	empty	uncertain	uncertain	.	0	0	0	0	0	0.22	0	0	0	6e-05	0.042	7.691	0/1	47	34	58	0.5862068965517241
chr13	99340716	G	A	snv	rs757642903	False	4.942e-05	3.98521e-05	6.36902e-05	0.0	4	0	0	0	0	0	6	10	2	0	4	SLC15A1	6564	splice_region_variant;coding_transcript_intron_variant	p.?	c.1574+8C>T		solute carrier family 15 member 1	Solute carriers	7896779	4.9948e-13	-0.04042	0.6397	0.888	0.468			-1	1	6.601	108	NM_005073.4;intron_variant;p.?;c.1574+8C>T	-6.601	108	.	.	.	.	.	.	.	.	.	.	.	.	.	.	0	0	0	0	0	0	0	-0.188	0.001	7e-05	0.02	6.601	0/1	43	13	37	0.35135135135135137
chr16	87637893	C	CCTGCTGCTGCTGCTGCTGCTGCTGCTG	indel	rs71156237	False	0.0	0.0	0.0	0.0	5	0	0	0	0	0	0	0	0	0	5	JPH3	57338	disruptive_inframe_insertion;direct_tandem_duplication	p.A149_A157dup	c.404_430dup		junctophilin 3	Trinucleotide repeat containing|Junctophilins	10949023|10891348	0.99855	-0.31841	0.042681	0.202	0.014			-1	1	6.378	109	NM_001271604.4;conservative_inframe_insertion,disruptive_inframe_insertion;p.A149_A157dup;c.446_472dupCTGCTGCTGCTGCTGCTGCTGCTGCTG|NM_001271605.3;3_prime_UTR_variant;p.?;c.*144_*170dupCTGCTGCTGCTGCTGCTGCTGCTGCTG|NM_020655.4;intron_variant;p.?;c.382+759_382+760insCTGCTGCTGCTGCTGCTGCTGCTGCTG	-6.378	109	.	.	.	.	.	.	.	.	.	.	.	.	.	.	.	.	.	.	.	.	.	.	.	.	.	.	0/1	48	18	33	0.5454545454545454
chr14	52520422	A	T	snv	rs369951540	False	5.765e-05	5.17059e-05	9.55231e-05	0.0	4	0	0	0	0	0	7	13	3	0	4	NID2	22795	missense_variant	p.V435D	c.1304T>A	VVVVVVVVVVVLIIIVVVVVVHLP--VVVVVAAAAVVVVVAVVVVAAAVSSVVVVVVAAAVV--------------VIIV-NVI----------------	nidogen 2		9733643	4.1103e-09	-0.2496	0.40271	0.559	0.294			-1	1	6.119	110	NM_007361.4;missense_variant;p.V435D;c.1304T>A	-6.119	110	.	.	.	.	.	.	.	.	.	.	.	.	.	.	0	0	0	0	0	0	0.03	0	0	.	.	6.119	0/1	48	18	41	0.43902439024390244
chr16	4559457	G	C	snv	rs752347693	False	8.236e-06	3.97649e-06	0.0	0.0	2	0	0	0	0	0	1	1	0	0	2	HMOX2	3163	missense_variant	p.E247D	c.741G>C	EEEEEEEEEEEKEEEEEEEEDDDDEEEDDEEEEEEEEEEEEEEEEEEEEE-EEEE-EEEEE-AAEEEEEEEEEEE-EEEEE--ED--D----DDD-DDEE	heme oxygenase 2		1575508	0.00026198	0.11261	0.53511	0.966	0.313			-1	1	6.037	111	NM_001127204.2;missense_variant;p.E247D;c.741G>C|NM_001127205.2;missense_variant;p.E247D;c.741G>C|NM_001127206.3;missense_variant;p.E247D;c.741G>C|NM_001286267.2;missense_variant;p.E301D;c.903G>C|NM_001286268.2;missense_variant;p.E247D;c.741G>C|NM_001286269.2;missense_variant;p.E247D;c.741G>C|NM_001286270.2;missense_variant;p.E247D;c.741G>C|NM_001286271.2;missense_variant;p.E218D;c.654G>C|NM_002134.4;missense_variant;p.E247D;c.741G>C|NM_001199054.2;downstream_gene_variant;;|NM_001199055.2;downstream_gene_variant;;|NM_001199056.2;downstream_gene_variant;;|NM_013399.3;downstream_gene_variant;;	-6.037	111	.	.	.	.	.	.	.	.	.	.	.	.	.	.	0	0	0	0	0	0	0.035	0	0	.	.	6.037	0/1	46	19	47	0.40425531914893614
chr19	54723087	A	G	snv	rs768688863	False	8.245e-06	4.54265e-06	0.0	0.0	1	0	0	0	0	0	1	1	0	0	1	LILRB3	11025	missense_variant	p.I446T	c.1337T>C		leukocyte immunoglobulin like receptor B3	CD molecules|Inhibitory leukocyte immunoglobulin like receptors	9278324|9382880	3.1087e-06	-1.0136	0.51993	0.827	0.338			-1	1	5.829	112	NM_001081450.3;missense_variant;p.I446T;c.1337T>C|NM_001320960.2;missense_variant;p.I463T;c.1388T>C|NM_006864.4;missense_variant;p.I446T;c.1337T>C	-5.829	112	.	.	.	.	.	.	.	.	.	.	.	.	.	.	0	0	0	0	0	0	0.081	0	0	.	.	5.829	0/1	48	20	43	0.46511627906976744
chr2	85777095	G	T	snv	rs144504936	False	8.236e-06	1.98886e-05	6.37267e-05	0.0	4	0	0	0	0	0	1	5	2	0	4	GGCX	2677	missense_variant	p.P747T	c.2239C>A	PPP-PPPPPP-LLPPSPSS-PPPPPPPPPSSPPPPPPPSPPPPPPPPPPTPP-PPPPPT-TP-------------------P-----T---T--------	gamma-glutamyl carboxylase		1749935	2.0199e-14	0.88214	0.67839	0.93	0.502			-1	1	5.476	113	NM_000821.7;missense_variant;p.P747T;c.2239C>A|NM_001142269.4;missense_variant;p.P690T;c.2068C>A|NM_005911.6;downstream_gene_variant;;	-5.476	113	.	.	.	.	.	.	.	.	.	.	.	.	.	.	0	0	0	0	0	0	-0.032	0	0	.	.	5.476	0/1	47	29	50	0.58
chr20	25472105	G	T	snv	rs141376094	False	0.0	0.0	0.0	0.0	1	0	0	0	0	0	0	0	0	0	1	NINL	22981	missense_variant	p.A456E	c.1367C>A	AAVAAAAA-AATMMMMMMMMAAAAMMVVVVVVVVGMMRRR-RRMMMMMV-VM-MM-RTMMM------A-------ATTTK---K---Q-QQQL-QT-KR-	ninein like	EF-hand domain containing	10231032	2.6545e-39	-0.97611	0.88668	1.092	0.724			-1	1	1.594	114	NM_001318226.2;missense_variant;p.A456E;c.1367C>A|NM_025176.6;missense_variant;p.A456E;c.1367C>A	-1.594	114	.	.	.	.	.	.	.	.	.	.	.	.	.	.	0	0	0	0	0	0	0.006	0	0	.	.	1.594	0/1	48	30	59	0.5084745762711864
chr14	25042985	T	C	snv	rs201961041	False	1.647e-05	1.99324e-05	0.0	0.000200723	1	0	0	0	0	0	2	5	0	1	1	CTSG	1511	missense_variant	p.N209S	c.626A>G	NNNNNNNNNNNSDNN-NNNNNNNNSNRSNNNNNNNHNNGGGGGNNNNNRY-N--NNNNGR-K--K--N-------KSKEEG-----N-------G---E-	cathepsin G	Cathepsins|Receptor ligands|Granule associated serine proteases of immune defence	2569462	9.5595e-06	0.81786	0.75897	1.323	0.456			-1	1	1.499	115	NM_001911.3;missense_variant;p.N209S;c.626A>G	-1.499	115	.	.	.	.	.	.	.	.	.	.	.	.	.	.	0	0	0	0	0	0	-0.009	0	0	.	.	1.499	0/1	48	18	40	0.45
chr2	27802644	C	A	snv	rs1335415543	False	0.0	8.01494e-06	3.18451e-05	0.0	4	0	0	0	0	0	0	2	1	0	4	C2orf16	84226	missense_variant	p.P1069T	c.3205C>A	PPPPPPPPPTPPPPP-AA-TPPPPPPPPPPPPPPPPPPPPPPPPPPPPSPPP-PP-PP---P--------------------------------------	chromosome 2 open reading frame 16			1.3435e-14	0.31799	0.72762	1.003	0.535			-1	1	1.482	116	NM_032266.4;missense_variant;p.P1069T;c.3205C>A|NM_001271286.2;upstream_gene_variant;;|NM_001271287.2;upstream_gene_variant;;|NM_001271288.2;upstream_gene_variant;;|NM_001271289.2;upstream_gene_variant;;|NM_001271318.2;upstream_gene_variant;;|NM_032434.4;upstream_gene_variant;;	-1.482	116	.	.	.	.	.	.	.	.	.	.	.	.	.	.	0	0	0	0	0	0	0.002	0	0	.	.	1.482	0/1	48	28	55	0.509090909090909
chr7	151875100	T	TTAAAAAAA	indel	rs1491309235	False	0.0	0.0	0.0	0.0	7	0	0	0	0	1	0	0	0	0	6	KMT2C	58508	splice_region_variant;coding_transcript_intron_variant	p.?	c.7443-6_7443-5delinsTTTTTTTA		lysine methyltransferase 2C	PHD finger proteins|Lysine methyltransferases|SET domain containing	10819331	1.0	2.1357	0.082126	0.122	0.056			-1	1	1.104	117	NM_170606.3;splice_region_variant,intron_variant;p.?;c.7443-6_7443-5insTTTTTTTA	-1.104	117	.	.	.	.	.	.	.	.	.	.	.	.	.	.	.	.	.	.	.	.	.	.	.	.	.	.	0/1	46	11	24	0.4583333333333333
chr12	7310558	T	C	snv	rs1448982616	False	0.0	6.4018e-06	0.0	0.0	3	0	0	0	0	0	0	1	0	0	3	CLSTN3	9746	missense_variant	p.C918R	c.2752T>C	CCCCCCCCCCRSHCCGSGCGCCCCGCCCCSSCCCCHCCCCCCCSSCCCC-GCCCCCCCCCC-SSV--VVGGGTS-C---GGT------------------	calsyntenin 3	Cadherin related	12498782	0.97016	1.4978	0.16776	0.315	0.094			-1	1	0.969	118	NM_014718.4;missense_variant;p.C918R;c.2752T>C	-0.969	118	.	.	.	.	.	.	.	.	.	.	.	.	.	.	0	0	0	0	0	0	0.002	0	0	.	.	0.969	0/1	48	18	39	0.46153846153846156
chr20	76784	G	A	snv	rs771807843	False	1.647e-05	4.37539e-05	0.0	0.0	1	0	0	0	0	0	2	11	0	0	1	DEFB125	245938	missense_variant	p.R66Q	c.197G>A	RRQRRRRRRRQRRR-P--------R-QQQPP-QQQPPKKK-KKRRG-----P-R---P------------------------------------------	defensin beta 125	Defensins, beta	11854508	0.014469	-0.045205	1.809	1.936	0.502			-1	1	0.597	119	NM_153325.4;missense_variant;p.R66Q;c.197G>A	-0.597	119	.	.	.	.	.	.	.	.	.	.	.	.	.	.	0	0	0	0	0	0	-0.023	0	0	.	.	0.597	0/1	46	18	44	0.4090909090909091
chr20	49493040	G	A	snv	.	False	0.0	0.0	0.0	0.0	1	0	0	0	0	0	0	0	0	0	1	BCAS4	55653	missense_variant	p.A202T	c.604G>A	VVVVVVVVVVVAAGAAA-AA-VAVAAAVAAAVVVVVAAAAAAAA-AAAA-AAVAV--V-V----------------------------------------	breast carcinoma amplified sequence 4		12378525	5.6789e-05	0.38441	0.84449	1.557	0.479			-1	1	0.034	120	NM_017843.4;missense_variant;p.A202T;c.604G>A|NM_001010974.2;synonymous_variant;p.V124=;c.372G>A|NM_198799.4;synonymous_variant;p.V139=;c.417G>A	-0.034	120	.	.	.	.	.	.	.	.	.	.	.	.	.	.	0	0.02	0	0	0	0	-0.042	0	0	.	.	0.034	0/1	48	25	53	0.4716981132075472
chr4	169189051	C	T	snv	rs570432435	False	8.236e-05	7.16869e-05	6.36983e-05	0.0	3	0	0	0	0	0	1	18	2	0	3	DDX60	55601	missense_variant	p.R957H	c.2870G>A	RRRRRHHHHRH-C--SSSSTCSCGSHCPPCCCCCCSSYRCCCCYYYYSSSS-SSS-SSDK----------------------RY----------------	DExD/H-box helicase 60	DEAD-box helicases|Ski2 like RNA helicases	21791617	5.2091e-16	1.254	0.45332	0.586	0.353			-1	1	0.001	121	NM_017631.6;missense_variant;p.R957H;c.2870G>A	-0.001	121	.	.	.	.	.	.	.	.	.	.	.	.	.	.	0	0	0	0	0	0	-0.043	0	0	.	.	0.001	0/1	48	20	42	0.47619047619047616
chr11	1093312	C	G	snv	rs749744706	False	0.0006507	0.0	0.0	0.0	1	0	0	0	0	0	9	0	0	0	1	MUC2	4583	missense_variant	p.T1710A	c.5128A>G		mucin 2, oligomeric mucus/gel-forming	Mucins	15081123	9.433e-10	1.3068	0.32691	0.426	0.253			-1	1	0.001	121		-0.001	121	.	.	.	.	.	.	.	.	.	.	.	.	.	.	0	0	0	0	0	0	0.055	0	0	.	.	0.001	0/1	38	7	22	0.3181818181818182
